"sigma:0","sigma:1","sigma:2","sigma:3","sigma:4","sigma:5","arc_length","Points:0","Points:1","Points:2"
-2.5758e+08,-1.5522e+05,-3.2806e+07,6.3233e+06,0,0,0,0,0.5,0
-2.5668e+08,-3.6192e+05,-3.2314e+07,6.2321e+06,-4.8467e-11,-2.8431e-10,0.00050002,0,0.5005,0
-2.5578e+08,-5.686e+05,-3.1822e+07,6.141e+06,-9.6928e-11,-5.6859e-10,0.00099999,0,0.501,0
-2.5488e+08,-7.753e+05,-3.133e+07,6.0498e+06,-1.454e-10,-8.529e-10,0.0015,0,0.5015,0
-2.5398e+08,-9.8197e+05,-3.0838e+07,5.9587e+06,-1.9386e-10,-1.1372e-09,0.002,0,0.502,0
-2.5308e+08,-1.1887e+06,-3.0346e+07,5.8675e+06,-2.4232e-10,-1.4215e-09,0.0025,0,0.5025,0
-2.5218e+08,-1.3954e+06,-2.9854e+07,5.7764e+06,-2.9079e-10,-1.7058e-09,0.003,0,0.503,0
-2.5127e+08,-1.6021e+06,-2.9362e+07,5.6853e+06,-3.3925e-10,-1.9901e-09,0.0035,0,0.5035,0
-2.5037e+08,-1.8088e+06,-2.8871e+07,5.5941e+06,-3.8772e-10,-2.2744e-09,0.004,0,0.504,0
-2.4947e+08,-2.0154e+06,-2.8379e+07,5.503e+06,-4.3618e-10,-2.5587e-09,0.0045,0,0.5045,0
-2.4857e+08,-2.2221e+06,-2.7887e+07,5.4118e+06,-4.8465e-10,-2.843e-09,0.005,0,0.505,0
-2.4767e+08,-2.4288e+06,-2.7395e+07,5.3207e+06,-5.3311e-10,-3.1273e-09,0.0055,0,0.5055,0
-2.4677e+08,-2.6355e+06,-2.6903e+07,5.2295e+06,-5.8158e-10,-3.4116e-09,0.006,0,0.506,0
-2.4587e+08,-2.8422e+06,-2.6411e+07,5.1384e+06,-6.3004e-10,-3.6959e-09,0.0065,0,0.5065,0
-2.4497e+08,-3.0489e+06,-2.5919e+07,5.0473e+06,-6.7851e-10,-3.9802e-09,0.007,0,0.507,0
-2.4407e+08,-3.2556e+06,-2.5427e+07,4.9561e+06,-7.2697e-10,-4.2645e-09,0.0075,0,0.5075,0
-2.4317e+08,-3.4623e+06,-2.4936e+07,4.865e+06,-7.7544e-10,-4.5488e-09,0.008,0,0.508,0
-2.4226e+08,-3.669e+06,-2.4444e+07,4.7738e+06,-8.239e-10,-4.8331e-09,0.0085,0,0.5085,0
-2.4136e+08,-3.8757e+06,-2.3952e+07,4.6827e+06,-8.7237e-10,-5.1174e-09,0.009,0,0.509,0
-2.4046e+08,-4.0824e+06,-2.346e+07,4.5915e+06,-9.2083e-10,-5.4017e-09,0.0095,0,0.5095,0
-2.3956e+08,-4.289e+06,-2.2968e+07,4.5004e+06,-9.6929e-10,-5.686e-09,0.01,0,0.51,0
-2.3866e+08,-4.4957e+06,-2.2476e+07,4.4093e+06,-1.0178e-09,-5.9703e-09,0.0105,0,0.5105,0
-2.3776e+08,-4.7024e+06,-2.1984e+07,4.3181e+06,-1.0662e-09,-6.2546e-09,0.011,0,0.511,0
-2.3686e+08,-4.9091e+06,-2.1492e+07,4.227e+06,-1.1147e-09,-6.5389e-09,0.0115,0,0.5115,0
-2.3596e+08,-5.1158e+06,-2.1001e+07,4.1358e+06,-1.1632e-09,-6.8232e-09,0.012,0,0.512,0
-2.3506e+08,-5.3225e+06,-2.0509e+07,4.0447e+06,-1.2116e-09,-7.1075e-09,0.0125,0,0.5125,0
-2.3416e+08,-5.5292e+06,-2.0017e+07,3.9535e+06,-1.2601e-09,-7.3918e-09,0.013,0,0.513,0
-2.3326e+08,-5.7359e+06,-1.9525e+07,3.8624e+06,-1.3085e-09,-7.6761e-09,0.0135,0,0.5135,0
-2.3235e+08,-5.9426e+06,-1.9033e+07,3.7713e+06,-1.357e-09,-7.9604e-09,0.014,0,0.514,0
-2.3145e+08,-6.1493e+06,-1.8541e+07,3.6801e+06,-1.4055e-09,-8.2447e-09,0.0145,0,0.5145,0
-2.3055e+08,-6.3559e+06,-1.8049e+07,3.589e+06,-1.4539e-09,-8.529e-09,0.015,0,0.515,0
-2.2965e+08,-6.5626e+06,-1.7557e+07,3.4978e+06,-1.5024e-09,-8.8133e-09,0.0155,0,0.5155,0
-2.2875e+08,-6.7693e+06,-1.7066e+07,3.4067e+06,-1.5509e-09,-9.0976e-09,0.016,0,0.516,0
-2.2785e+08,-6.976e+06,-1.6574e+07,3.3155e+06,-1.5993e-09,-9.3819e-09,0.0165,0,0.5165,0
-2.2695e+08,-7.1827e+06,-1.6082e+07,3.2244e+06,-1.6478e-09,-9.6662e-09,0.017,0,0.517,0
-2.2605e+08,-7.3894e+06,-1.559e+07,3.1333e+06,-1.6963e-09,-9.9505e-09,0.0175,0,0.5175,0
-2.2515e+08,-7.5961e+06,-1.5098e+07,3.0421e+06,-1.7447e-09,-1.0235e-08,0.018,0,0.518,0
-2.2425e+08,-7.8028e+06,-1.4606e+07,2.951e+06,-1.7932e-09,-1.0519e-08,0.0185,0,0.5185,0
-2.2334e+08,-8.0095e+06,-1.4114e+07,2.8598e+06,-1.8417e-09,-1.0803e-08,0.019,0,0.519,0
-2.2244e+08,-8.2162e+06,-1.3622e+07,2.7687e+06,-1.8901e-09,-1.1088e-08,0.0195,0,0.5195,0
-2.2154e+08,-8.4228e+06,-1.3131e+07,2.6775e+06,-1.9386e-09,-1.1372e-08,0.02,0,0.52,0
-2.2064e+08,-8.6295e+06,-1.2639e+07,2.5864e+06,-1.9871e-09,-1.1656e-08,0.0205,0,0.5205,0
-2.1974e+08,-8.8362e+06,-1.2147e+07,2.4952e+06,-2.0355e-09,-1.1941e-08,0.021,0,0.521,0
-2.1884e+08,-9.0429e+06,-1.1655e+07,2.4041e+06,-2.084e-09,-1.2225e-08,0.0215,0,0.5215,0
-2.1794e+08,-9.2496e+06,-1.1163e+07,2.313e+06,-2.1325e-09,-1.2509e-08,0.022,0,0.522,0
-2.1704e+08,-9.4563e+06,-1.0671e+07,2.2218e+06,-2.1809e-09,-1.2793e-08,0.0225,0,0.5225,0
-2.1614e+08,-9.663e+06,-1.0179e+07,2.1307e+06,-2.2294e-09,-1.3078e-08,0.023,0,0.523,0
-2.1524e+08,-9.8697e+06,-9.6873e+06,2.0395e+06,-2.2778e-09,-1.3362e-08,0.0235,0,0.5235,0
-2.1434e+08,-1.0076e+07,-9.1955e+06,1.9484e+06,-2.3263e-09,-1.3646e-08,0.024,0,0.524,0
-2.1343e+08,-1.0283e+07,-8.7036e+06,1.8572e+06,-2.3748e-09,-1.3931e-08,0.0245,0,0.5245,0
-2.1253e+08,-1.049e+07,-8.2117e+06,1.7661e+06,-2.4232e-09,-1.4215e-08,0.025,0,0.525,0
-2.1125e+08,-1.0514e+07,-7.7477e+06,1.7472e+06,-2.3873e-09,-1.4138e-08,0.0255,0,0.5255,0
-2.0996e+08,-1.0538e+07,-7.2836e+06,1.7283e+06,-2.3513e-09,-1.4061e-08,0.026,0,0.526,0
-2.0867e+08,-1.0562e+07,-6.8197e+06,1.7095e+06,-2.3153e-09,-1.3984e-08,0.0265,0,0.5265,0
-2.0738e+08,-1.0586e+07,-6.3556e+06,1.6906e+06,-2.2793e-09,-1.3906e-08,0.027,0,0.527,0
-2.061e+08,-1.061e+07,-5.8916e+06,1.6717e+06,-2.2433e-09,-1.3829e-08,0.0275,0,0.5275,0
-2.0481e+08,-1.0635e+07,-5.4276e+06,1.6528e+06,-2.2073e-09,-1.3752e-08,0.028,0,0.528,0
-2.0352e+08,-1.0659e+07,-4.9636e+06,1.6339e+06,-2.1714e-09,-1.3675e-08,0.0285,0,0.5285,0
-2.0223e+08,-1.0683e+07,-4.4996e+06,1.6151e+06,-2.1354e-09,-1.3598e-08,0.029,0,0.529,0
-2.0095e+08,-1.0707e+07,-4.0355e+06,1.5962e+06,-2.0994e-09,-1.3521e-08,0.0295,0,0.5295,0
-1.9966e+08,-1.0731e+07,-3.5716e+06,1.5773e+06,-2.0634e-09,-1.3444e-08,0.03,0,0.53,0
-1.9837e+08,-1.0755e+07,-3.1075e+06,1.5584e+06,-2.0274e-09,-1.3367e-08,0.0305,0,0.5305,0
-1.9709e+08,-1.0779e+07,-2.6435e+06,1.5395e+06,-1.9914e-09,-1.3289e-08,0.031,0,0.531,0
-1.958e+08,-1.0804e+07,-2.1795e+06,1.5207e+06,-1.9555e-09,-1.3212e-08,0.0315,0,0.5315,0
-1.9451e+08,-1.0828e+07,-1.7155e+06,1.5018e+06,-1.9195e-09,-1.3135e-08,0.032,0,0.532,0
-1.9322e+08,-1.0852e+07,-1.2514e+06,1.4829e+06,-1.8835e-09,-1.3058e-08,0.0325,0,0.5325,0
-1.9194e+08,-1.0876e+07,-7.8743e+05,1.464e+06,-1.8475e-09,-1.2981e-08,0.033,0,0.533,0
-1.9065e+08,-1.09e+07,-3.234e+05,1.4451e+06,-1.8115e-09,-1.2904e-08,0.0335,0,0.5335,0
-1.8936e+08,-1.0924e+07,1.4059e+05,1.4263e+06,-1.7756e-09,-1.2827e-08,0.034,0,0.534,0
-1.8807e+08,-1.0949e+07,6.0463e+05,1.4074e+06,-1.7396e-09,-1.275e-08,0.0345,0,0.5345,0
-1.8679e+08,-1.0973e+07,1.0687e+06,1.3885e+06,-1.7036e-09,-1.2672e-08,0.035,0,0.535,0
-1.855e+08,-1.0997e+07,1.5327e+06,1.3696e+06,-1.6676e-09,-1.2595e-08,0.0355,0,0.5355,0
-1.8421e+08,-1.1021e+07,1.9967e+06,1.3507e+06,-1.6316e-09,-1.2518e-08,0.036,0,0.536,0
-1.8293e+08,-1.1045e+07,2.4607e+06,1.3319e+06,-1.5956e-09,-1.2441e-08,0.0365,0,0.5365,0
-1.8164e+08,-1.1069e+07,2.9247e+06,1.313e+06,-1.5597e-09,-1.2364e-08,0.037,0,0.537,0
-1.8035e+08,-1.1093e+07,3.3888e+06,1.2941e+06,-1.5237e-09,-1.2287e-08,0.0375,0,0.5375,0
-1.7906e+08,-1.1118e+07,3.8527e+06,1.2752e+06,-1.4877e-09,-1.221e-08,0.038,0,0.538,0
-1.7778e+08,-1.1142e+07,4.3168e+06,1.2563e+06,-1.4517e-09,-1.2133e-08,0.0385,0,0.5385,0
-1.7649e+08,-1.1166e+07,4.7808e+06,1.2375e+06,-1.4157e-09,-1.2055e-08,0.039,0,0.539,0
-1.752e+08,-1.119e+07,5.2448e+06,1.2186e+06,-1.3797e-09,-1.1978e-08,0.0395,0,0.5395,0
-1.7391e+08,-1.1214e+07,5.7088e+06,1.1997e+06,-1.3438e-09,-1.1901e-08,0.04,0,0.54,0
-1.7263e+08,-1.1238e+07,6.1728e+06,1.1808e+06,-1.3078e-09,-1.1824e-08,0.0405,0,0.5405,0
-1.7134e+08,-1.1262e+07,6.6369e+06,1.1619e+06,-1.2718e-09,-1.1747e-08,0.041,0,0.541,0
-1.7005e+08,-1.1287e+07,7.1008e+06,1.143e+06,-1.2358e-09,-1.167e-08,0.0415,0,0.5415,0
-1.6876e+08,-1.1311e+07,7.5649e+06,1.1242e+06,-1.1998e-09,-1.1593e-08,0.042,0,0.542,0
-1.6748e+08,-1.1335e+07,8.0289e+06,1.1053e+06,-1.1639e-09,-1.1516e-08,0.0425,0,0.5425,0
-1.6619e+08,-1.1359e+07,8.4929e+06,1.0864e+06,-1.1279e-09,-1.1438e-08,0.043,0,0.543,0
-1.649e+08,-1.1383e+07,8.9569e+06,1.0675e+06,-1.0919e-09,-1.1361e-08,0.0435,0,0.5435,0
-1.6362e+08,-1.1407e+07,9.421e+06,1.0486e+06,-1.0559e-09,-1.1284e-08,0.044,0,0.544,0
-1.6233e+08,-1.1431e+07,9.885e+06,1.0298e+06,-1.0199e-09,-1.1207e-08,0.0445,0,0.5445,0
-1.6104e+08,-1.1456e+07,1.0349e+07,1.0109e+06,-9.8394e-10,-1.113e-08,0.045,0,0.545,0
-1.5975e+08,-1.148e+07,1.0813e+07,9.92e+05,-9.4796e-10,-1.1053e-08,0.0455,0,0.5455,0
-1.5847e+08,-1.1504e+07,1.1277e+07,9.7312e+05,-9.1198e-10,-1.0976e-08,0.046,0,0.546,0
-1.5718e+08,-1.1528e+07,1.1741e+07,9.5424e+05,-8.7599e-10,-1.0898e-08,0.0465,0,0.5465,0
-1.5589e+08,-1.1552e+07,1.2205e+07,9.3536e+05,-8.4001e-10,-1.0821e-08,0.047,0,0.547,0
-1.546e+08,-1.1576e+07,1.2669e+07,9.1648e+05,-8.0403e-10,-1.0744e-08,0.0475,0,0.5475,0
-1.5332e+08,-1.16e+07,1.3133e+07,8.976e+05,-7.6805e-10,-1.0667e-08,0.048,0,0.548,0
-1.5203e+08,-1.1625e+07,1.3597e+07,8.7872e+05,-7.3206e-10,-1.059e-08,0.0485,0,0.5485,0
-1.5074e+08,-1.1649e+07,1.4061e+07,8.5983e+05,-6.9608e-10,-1.0513e-08,0.049,0,0.549,0
-1.4946e+08,-1.1673e+07,1.4525e+07,8.4095e+05,-6.601e-10,-1.0436e-08,0.0495,0,0.5495,0
-1.4817e+08,-1.1697e+07,1.4989e+07,8.2207e+05,-6.2412e-10,-1.0359e-08,0.05,0,0.55,0
-1.4697e+08,-1.1603e+07,1.5339e+07,7.8931e+05,-7.6765e-10,-1.0553e-08,0.0505,0,0.5505,0
-1.4578e+08,-1.151e+07,1.5689e+07,7.5654e+05,-9.112e-10,-1.0747e-08,0.051,0,0.551,0
-1.4459e+08,-1.1416e+07,1.6039e+07,7.2377e+05,-1.0548e-09,-1.0941e-08,0.0515,0,0.5515,0
-1.4339e+08,-1.1323e+07,1.6389e+07,6.9101e+05,-1.1983e-09,-1.1135e-08,0.052,0,0.552,0
-1.422e+08,-1.1229e+07,1.6739e+07,6.5824e+05,-1.3418e-09,-1.1329e-08,0.0525,0,0.5525,0
-1.4101e+08,-1.1135e+07,1.7089e+07,6.2548e+05,-1.4854e-09,-1.1523e-08,0.053,0,0.553,0
-1.3981e+08,-1.1042e+07,1.7439e+07,5.9271e+05,-1.6289e-09,-1.1717e-08,0.0535,0,0.5535,0
-1.3862e+08,-1.0948e+07,1.7789e+07,5.5994e+05,-1.7725e-09,-1.1911e-08,0.054,0,0.554,0
-1.3743e+08,-1.0854e+07,1.8139e+07,5.2718e+05,-1.916e-09,-1.2105e-08,0.0545,0,0.5545,0
-1.3623e+08,-1.0761e+07,1.8489e+07,4.9441e+05,-2.0596e-09,-1.2299e-08,0.055,0,0.555,0
-1.3504e+08,-1.0667e+07,1.8838e+07,4.6165e+05,-2.2031e-09,-1.2493e-08,0.0555,0,0.5555,0
-1.3385e+08,-1.0573e+07,1.9188e+07,4.2888e+05,-2.3467e-09,-1.2687e-08,0.056,0,0.556,0
-1.3265e+08,-1.048e+07,1.9538e+07,3.9611e+05,-2.4902e-09,-1.2881e-08,0.0565,0,0.5565,0
-1.3146e+08,-1.0386e+07,1.9888e+07,3.6335e+05,-2.6337e-09,-1.3075e-08,0.057,0,0.557,0
-1.3027e+08,-1.0293e+07,2.0238e+07,3.3058e+05,-2.7773e-09,-1.3269e-08,0.0575,0,0.5575,0
-1.2907e+08,-1.0199e+07,2.0588e+07,2.9781e+05,-2.9209e-09,-1.3463e-08,0.058,0,0.558,0
-1.2788e+08,-1.0105e+07,2.0938e+07,2.6505e+05,-3.0644e-09,-1.3657e-08,0.0585,0,0.5585,0
-1.2669e+08,-1.0012e+07,2.1288e+07,2.3228e+05,-3.2079e-09,-1.3851e-08,0.059,0,0.559,0
-1.2549e+08,-9.918e+06,2.1638e+07,1.9952e+05,-3.3515e-09,-1.4045e-08,0.0595,0,0.5595,0
-1.243e+08,-9.8244e+06,2.1988e+07,1.6675e+05,-3.495e-09,-1.4239e-08,0.06,0,0.56,0
-1.2311e+08,-9.7308e+06,2.2338e+07,1.3398e+05,-3.6386e-09,-1.4433e-08,0.0605,0,0.5605,0
-1.2191e+08,-9.6371e+06,2.2688e+07,1.0122e+05,-3.7821e-09,-1.4627e-08,0.061,0,0.561,0
-1.2072e+08,-9.5435e+06,2.3038e+07,68448,-3.9257e-09,-1.4821e-08,0.0615,0,0.5615,0
-1.1953e+08,-9.4499e+06,2.3388e+07,35684,-4.0692e-09,-1.5015e-08,0.062,0,0.562,0
-1.1833e+08,-9.3562e+06,2.3738e+07,2916.7,-4.2128e-09,-1.5209e-08,0.0625,0,0.5625,0
-1.1714e+08,-9.2626e+06,2.4088e+07,-29851,-4.3563e-09,-1.5403e-08,0.063,0,0.563,0
-1.1595e+08,-9.169e+06,2.4438e+07,-62615,-4.4998e-09,-1.5597e-08,0.0635,0,0.5635,0
-1.1475e+08,-9.0753e+06,2.4787e+07,-95383,-4.6434e-09,-1.5791e-08,0.064,0,0.564,0
-1.1356e+08,-8.9817e+06,2.5137e+07,-1.2815e+05,-4.7869e-09,-1.5985e-08,0.0645,0,0.5645,0
-1.1237e+08,-8.8881e+06,2.5487e+07,-1.6091e+05,-4.9305e-09,-1.6179e-08,0.065,0,0.565,0
-1.1117e+08,-8.7944e+06,2.5837e+07,-1.9368e+05,-5.074e-09,-1.6373e-08,0.0655,0,0.5655,0
-1.0998e+08,-8.7008e+06,2.6187e+07,-2.2645e+05,-5.2176e-09,-1.6567e-08,0.066,0,0.566,0
-1.0879e+08,-8.6072e+06,2.6537e+07,-2.5921e+05,-5.3611e-09,-1.6761e-08,0.0665,0,0.5665,0
-1.0759e+08,-8.5135e+06,2.6887e+07,-2.9198e+05,-5.5047e-09,-1.6955e-08,0.067,0,0.567,0
-1.064e+08,-8.4199e+06,2.7237e+07,-3.2475e+05,-5.6482e-09,-1.7149e-08,0.0675,0,0.5675,0
-1.0521e+08,-8.3263e+06,2.7587e+07,-3.5751e+05,-5.7918e-09,-1.7343e-08,0.068,0,0.568,0
-1.0401e+08,-8.2326e+06,2.7937e+07,-3.9028e+05,-5.9353e-09,-1.7537e-08,0.0685,0,0.5685,0
-1.0282e+08,-8.139e+06,2.8287e+07,-4.2305e+05,-6.0788e-09,-1.7731e-08,0.069,0,0.569,0
-1.0163e+08,-8.0454e+06,2.8637e+07,-4.5581e+05,-6.2224e-09,-1.7925e-08,0.0695,0,0.5695,0
-1.0043e+08,-7.9518e+06,2.8987e+07,-4.8858e+05,-6.3659e-09,-1.8119e-08,0.07,0,0.57,0
-9.9241e+07,-7.8581e+06,2.9337e+07,-5.2135e+05,-6.5095e-09,-1.8313e-08,0.0705,0,0.5705,0
-9.8048e+07,-7.7645e+06,2.9687e+07,-5.5411e+05,-6.653e-09,-1.8507e-08,0.071,0,0.571,0
-9.6854e+07,-7.6709e+06,3.0037e+07,-5.8688e+05,-6.7966e-09,-1.8701e-08,0.0715,0,0.5715,0
-9.5661e+07,-7.5772e+06,3.0386e+07,-6.1964e+05,-6.9401e-09,-1.8895e-08,0.072,0,0.572,0
-9.4468e+07,-7.4836e+06,3.0736e+07,-6.5241e+05,-7.0837e-09,-1.9089e-08,0.0725,0,0.5725,0
-9.3274e+07,-7.39e+06,3.1086e+07,-6.8518e+05,-7.2272e-09,-1.9283e-08,0.073,0,0.573,0
-9.2081e+07,-7.2963e+06,3.1436e+07,-7.1794e+05,-7.3707e-09,-1.9477e-08,0.0735,0,0.5735,0
-9.0888e+07,-7.2027e+06,3.1786e+07,-7.5071e+05,-7.5143e-09,-1.9671e-08,0.074,0,0.574,0
-8.9694e+07,-7.1091e+06,3.2136e+07,-7.8348e+05,-7.6579e-09,-1.9865e-08,0.0745,0,0.5745,0
-8.8501e+07,-7.0154e+06,3.2486e+07,-8.1624e+05,-7.8014e-09,-2.0059e-08,0.075,0,0.575,0
-8.7568e+07,-6.842e+06,3.2849e+07,-8.6e+05,-7.7167e-09,-1.9871e-08,0.0755,0,0.5755,0
-8.6634e+07,-6.6685e+06,3.3211e+07,-9.0375e+05,-7.6321e-09,-1.9683e-08,0.076,0,0.576,0
-8.57e+07,-6.495e+06,3.3574e+07,-9.4751e+05,-7.5475e-09,-1.9495e-08,0.0765,0,0.5765,0
-8.4767e+07,-6.3216e+06,3.3937e+07,-9.9127e+05,-7.4628e-09,-1.9307e-08,0.077,0,0.577,0
-8.3833e+07,-6.1481e+06,3.4299e+07,-1.035e+06,-7.3782e-09,-1.9119e-08,0.0775,0,0.5775,0
-8.2899e+07,-5.9746e+06,3.4662e+07,-1.0788e+06,-7.2936e-09,-1.8931e-08,0.078,0,0.578,0
-8.1966e+07,-5.8012e+06,3.5024e+07,-1.1225e+06,-7.2089e-09,-1.8742e-08,0.0785,0,0.5785,0
-8.1032e+07,-5.6277e+06,3.5387e+07,-1.1663e+06,-7.1243e-09,-1.8554e-08,0.079,0,0.579,0
-8.0099e+07,-5.4542e+06,3.575e+07,-1.2101e+06,-7.0396e-09,-1.8366e-08,0.0795,0,0.5795,0
-7.9165e+07,-5.2808e+06,3.6112e+07,-1.2538e+06,-6.955e-09,-1.8178e-08,0.08,0,0.58,0
-7.8231e+07,-5.1073e+06,3.6475e+07,-1.2976e+06,-6.8704e-09,-1.799e-08,0.0805,0,0.5805,0
-7.7298e+07,-4.9338e+06,3.6837e+07,-1.3413e+06,-6.7857e-09,-1.7802e-08,0.081,0,0.581,0
-7.6364e+07,-4.7604e+06,3.72e+07,-1.3851e+06,-6.7011e-09,-1.7614e-08,0.0815,0,0.5815,0
-7.5431e+07,-4.5869e+06,3.7563e+07,-1.4288e+06,-6.6165e-09,-1.7425e-08,0.082,0,0.582,0
-7.4497e+07,-4.4134e+06,3.7925e+07,-1.4726e+06,-6.5318e-09,-1.7237e-08,0.0825,0,0.5825,0
-7.3563e+07,-4.24e+06,3.8288e+07,-1.5164e+06,-6.4472e-09,-1.7049e-08,0.083,0,0.583,0
-7.263e+07,-4.0665e+06,3.865e+07,-1.5601e+06,-6.3625e-09,-1.6861e-08,0.0835,0,0.5835,0
-7.1696e+07,-3.893e+06,3.9013e+07,-1.6039e+06,-6.2779e-09,-1.6673e-08,0.084,0,0.584,0
-7.0762e+07,-3.7196e+06,3.9376e+07,-1.6476e+06,-6.1933e-09,-1.6485e-08,0.0845,0,0.5845,0
-6.9829e+07,-3.5461e+06,3.9738e+07,-1.6914e+06,-6.1086e-09,-1.6297e-08,0.085,0,0.585,0
-6.8895e+07,-3.3726e+06,4.0101e+07,-1.7351e+06,-6.024e-09,-1.6108e-08,0.0855,0,0.5855,0
-6.7962e+07,-3.1992e+06,4.0464e+07,-1.7789e+06,-5.9394e-09,-1.592e-08,0.086,0,0.586,0
-6.7028e+07,-3.0257e+06,4.0826e+07,-1.8227e+06,-5.8547e-09,-1.5732e-08,0.0865,0,0.5865,0
-6.6094e+07,-2.8522e+06,4.1189e+07,-1.8664e+06,-5.7701e-09,-1.5544e-08,0.087,0,0.587,0
-6.5161e+07,-2.6788e+06,4.1551e+07,-1.9102e+06,-5.6854e-09,-1.5356e-08,0.0875,0,0.5875,0
-6.4227e+07,-2.5053e+06,4.1914e+07,-1.9539e+06,-5.6008e-09,-1.5168e-08,0.088,0,0.588,0
-6.3294e+07,-2.3318e+06,4.2277e+07,-1.9977e+06,-5.5162e-09,-1.498e-08,0.0885,0,0.5885,0
-6.236e+07,-2.1584e+06,4.2639e+07,-2.0415e+06,-5.4315e-09,-1.4791e-08,0.089,0,0.589,0
-6.1426e+07,-1.9849e+06,4.3002e+07,-2.0852e+06,-5.3469e-09,-1.4603e-08,0.0895,0,0.5895,0
-6.0493e+07,-1.8114e+06,4.3364e+07,-2.129e+06,-5.2623e-09,-1.4415e-08,0.09,0,0.59,0
-5.9559e+07,-1.638e+06,4.3727e+07,-2.1727e+06,-5.1776e-09,-1.4227e-08,0.0905,0,0.5905,0
-5.8625e+07,-1.4645e+06,4.409e+07,-2.2165e+06,-5.093e-09,-1.4039e-08,0.091,0,0.591,0
-5.7692e+07,-1.291e+06,4.4452e+07,-2.2602e+06,-5.0083e-09,-1.3851e-08,0.0915,0,0.5915,0
-5.6758e+07,-1.1176e+06,4.4815e+07,-2.304e+06,-4.9237e-09,-1.3663e-08,0.092,0,0.592,0
-5.5825e+07,-9.4412e+05,4.5177e+07,-2.3478e+06,-4.8391e-09,-1.3475e-08,0.0925,0,0.5925,0
-5.4891e+07,-7.7064e+05,4.554e+07,-2.3915e+06,-4.7544e-09,-1.3286e-08,0.093,0,0.593,0
-5.3957e+07,-5.9717e+05,4.5903e+07,-2.4353e+06,-4.6698e-09,-1.3098e-08,0.0935,0,0.5935,0
-5.3024e+07,-4.2371e+05,4.6265e+07,-2.479e+06,-4.5852e-09,-1.291e-08,0.094,0,0.594,0
-5.209e+07,-2.5024e+05,4.6628e+07,-2.5228e+06,-4.5005e-09,-1.2722e-08,0.0945,0,0.5945,0
-5.1157e+07,-76765,4.699e+07,-2.5665e+06,-4.4159e-09,-1.2534e-08,0.095,0,0.595,0
-5.0223e+07,96689,4.7353e+07,-2.6103e+06,-4.3312e-09,-1.2346e-08,0.0955,0,0.5955,0
-4.9289e+07,2.7016e+05,4.7716e+07,-2.6541e+06,-4.2466e-09,-1.2158e-08,0.096,0,0.596,0
-4.8356e+07,4.4362e+05,4.8078e+07,-2.6978e+06,-4.162e-09,-1.1969e-08,0.0965,0,0.5965,0
-4.7422e+07,6.1709e+05,4.8441e+07,-2.7416e+06,-4.0773e-09,-1.1781e-08,0.097,0,0.597,0
-4.6488e+07,7.9057e+05,4.8804e+07,-2.7853e+06,-3.9927e-09,-1.1593e-08,0.0975,0,0.5975,0
-4.5555e+07,9.6402e+05,4.9166e+07,-2.8291e+06,-3.9081e-09,-1.1405e-08,0.098,0,0.598,0
-4.4621e+07,1.1375e+06,4.9529e+07,-2.8728e+06,-3.8234e-09,-1.1217e-08,0.0985,0,0.5985,0
-4.3688e+07,1.3109e+06,4.9891e+07,-2.9166e+06,-3.7388e-09,-1.1029e-08,0.099,0,0.599,0
-4.2754e+07,1.4844e+06,5.0254e+07,-2.9604e+06,-3.6541e-09,-1.0841e-08,0.0995,0,0.5995,0
-4.182e+07,1.6579e+06,5.0617e+07,-3.0041e+06,-3.5695e-09,-1.0652e-08,0.1,0,0.6,0
-4.0964e+07,1.8671e+06,5.0864e+07,-3.0408e+06,-3.423e-09,-1.059e-08,0.1005,0,0.6005,0
-4.0107e+07,2.0764e+06,5.1111e+07,-3.0776e+06,-3.2765e-09,-1.0528e-08,0.101,0,0.601,0
-3.925e+07,2.2856e+06,5.1358e+07,-3.1143e+06,-3.1299e-09,-1.0465e-08,0.1015,0,0.6015,0
-3.8393e+07,2.4949e+06,5.1605e+07,-3.151e+06,-2.9834e-09,-1.0403e-08,0.102,0,0.602,0
-3.7536e+07,2.7042e+06,5.1852e+07,-3.1877e+06,-2.8369e-09,-1.034e-08,0.1025,0,0.6025,0
-3.6679e+07,2.9134e+06,5.21e+07,-3.2244e+06,-2.6904e-09,-1.0278e-08,0.103,0,0.603,0
-3.5823e+07,3.1227e+06,5.2347e+07,-3.2611e+06,-2.5438e-09,-1.0215e-08,0.1035,0,0.6035,0
-3.4966e+07,3.3319e+06,5.2594e+07,-3.2979e+06,-2.3973e-09,-1.0153e-08,0.104,0,0.604,0
-3.4109e+07,3.5412e+06,5.2841e+07,-3.3346e+06,-2.2508e-09,-1.0091e-08,0.1045,0,0.6045,0
-3.3252e+07,3.7504e+06,5.3088e+07,-3.3713e+06,-2.1043e-09,-1.0028e-08,0.105,0,0.605,0
-3.2395e+07,3.9597e+06,5.3336e+07,-3.408e+06,-1.9578e-09,-9.9658e-09,0.1055,0,0.6055,0
-3.1538e+07,4.1689e+06,5.3583e+07,-3.4447e+06,-1.8112e-09,-9.9034e-09,0.106,0,0.606,0
-3.0681e+07,4.3782e+06,5.383e+07,-3.4815e+06,-1.6647e-09,-9.841e-09,0.1065,0,0.6065,0
-2.9825e+07,4.5874e+06,5.4077e+07,-3.5182e+06,-1.5182e-09,-9.7786e-09,0.107,0,0.607,0
-2.8968e+07,4.7967e+06,5.4324e+07,-3.5549e+06,-1.3717e-09,-9.7162e-09,0.1075,0,0.6075,0
-2.8111e+07,5.0059e+06,5.4571e+07,-3.5916e+06,-1.2252e-09,-9.6538e-09,0.108,0,0.608,0
-2.7254e+07,5.2152e+06,5.4819e+07,-3.6283e+06,-1.0786e-09,-9.5914e-09,0.1085,0,0.6085,0
-2.6397e+07,5.4245e+06,5.5066e+07,-3.6651e+06,-9.3209e-10,-9.5289e-09,0.109,0,0.609,0
-2.554e+07,5.6337e+06,5.5313e+07,-3.7018e+06,-7.8558e-10,-9.4665e-09,0.1095,0,0.6095,0
-2.4684e+07,5.843e+06,5.556e+07,-3.7385e+06,-6.3905e-10,-9.4041e-09,0.11,0,0.61,0
-2.3827e+07,6.0522e+06,5.5807e+07,-3.7752e+06,-4.9254e-10,-9.3417e-09,0.1105,0,0.6105,0
-2.297e+07,6.2615e+06,5.6054e+07,-3.8119e+06,-3.4601e-10,-9.2793e-09,0.111,0,0.611,0
-2.2113e+07,6.4707e+06,5.6302e+07,-3.8486e+06,-1.9949e-10,-9.2169e-09,0.1115,0,0.6115,0
-2.1256e+07,6.68e+06,5.6549e+07,-3.8854e+06,-5.2974e-11,-9.1545e-09,0.112,0,0.612,0
-2.0399e+07,6.8892e+06,5.6796e+07,-3.9221e+06,9.3555e-11,-9.0921e-09,0.1125,0,0.6125,0
-1.9543e+07,7.0985e+06,5.7043e+07,-3.9588e+06,2.4007e-10,-9.0297e-09,0.113,0,0.613,0
-1.8686e+07,7.3078e+06,5.729e+07,-3.9955e+06,3.866e-10,-8.9672e-09,0.1135,0,0.6135,0
-1.7829e+07,7.517e+06,5.7538e+07,-4.0322e+06,5.3312e-10,-8.9048e-09,0.114,0,0.614,0
-1.6972e+07,7.7263e+06,5.7785e+07,-4.069e+06,6.7964e-10,-8.8424e-09,0.1145,0,0.6145,0
-1.6115e+07,7.9355e+06,5.8032e+07,-4.1057e+06,8.2616e-10,-8.78e-09,0.115,0,0.615,0
-1.5258e+07,8.1448e+06,5.8279e+07,-4.1424e+06,9.7268e-10,-8.7176e-09,0.1155,0,0.6155,0
-1.4402e+07,8.354e+06,5.8526e+07,-4.1791e+06,1.1192e-09,-8.6552e-09,0.116,0,0.616,0
-1.3545e+07,8.5633e+06,5.8773e+07,-4.2158e+06,1.2657e-09,-8.5928e-09,0.1165,0,0.6165,0
-1.2688e+07,8.7725e+06,5.9021e+07,-4.2525e+06,1.4122e-09,-8.5304e-09,0.117,0,0.617,0
-1.1831e+07,8.9818e+06,5.9268e+07,-4.2893e+06,1.5588e-09,-8.4679e-09,0.1175,0,0.6175,0
-1.0974e+07,9.191e+06,5.9515e+07,-4.326e+06,1.7053e-09,-8.4055e-09,0.118,0,0.618,0
-1.0117e+07,9.4003e+06,5.9762e+07,-4.3627e+06,1.8518e-09,-8.3431e-09,0.1185,0,0.6185,0
-9.2605e+06,9.6096e+06,6.0009e+07,-4.3994e+06,1.9983e-09,-8.2807e-09,0.119,0,0.619,0
-8.4037e+06,9.8188e+06,6.0256e+07,-4.4361e+06,2.1449e-09,-8.2183e-09,0.1195,0,0.6195,0
-7.5468e+06,1.0028e+07,6.0504e+07,-4.4729e+06,2.2914e-09,-8.1559e-09,0.12,0,0.62,0
-6.6899e+06,1.0237e+07,6.0751e+07,-4.5096e+06,2.4379e-09,-8.0935e-09,0.1205,0,0.6205,0
-5.8332e+06,1.0447e+07,6.0998e+07,-4.5463e+06,2.5844e-09,-8.0311e-09,0.121,0,0.621,0
-4.9763e+06,1.0656e+07,6.1245e+07,-4.583e+06,2.731e-09,-7.9687e-09,0.1215,0,0.6215,0
-4.1195e+06,1.0865e+07,6.1492e+07,-4.6197e+06,2.8775e-09,-7.9062e-09,0.122,0,0.622,0
-3.2626e+06,1.1074e+07,6.174e+07,-4.6564e+06,3.024e-09,-7.8438e-09,0.1225,0,0.6225,0
-2.4057e+06,1.1284e+07,6.1987e+07,-4.6932e+06,3.1705e-09,-7.7814e-09,0.123,0,0.623,0
-1.549e+06,1.1493e+07,6.2234e+07,-4.7299e+06,3.317e-09,-7.719e-09,0.1235,0,0.6235,0
-6.9209e+05,1.1702e+07,6.2481e+07,-4.7666e+06,3.4636e-09,-7.6566e-09,0.124,0,0.624,0
1.6469e+05,1.1911e+07,6.2728e+07,-4.8033e+06,3.6101e-09,-7.5942e-09,0.1245,0,0.6245,0
1.0216e+06,1.2121e+07,6.2975e+07,-4.84e+06,3.7566e-09,-7.5318e-09,0.125,0,0.625,0
1.7313e+06,1.2361e+07,6.3068e+07,-4.809e+06,3.8372e-09,-7.4389e-09,0.1255,0,0.6255,0
2.4409e+06,1.2601e+07,6.3161e+07,-4.778e+06,3.9177e-09,-7.346e-09,0.126,0,0.626,0
3.1506e+06,1.2841e+07,6.3253e+07,-4.747e+06,3.9983e-09,-7.2531e-09,0.1265,0,0.6265,0
3.8602e+06,1.308e+07,6.3346e+07,-4.716e+06,4.0788e-09,-7.1602e-09,0.127,0,0.627,0
4.5699e+06,1.332e+07,6.3438e+07,-4.685e+06,4.1593e-09,-7.0673e-09,0.1275,0,0.6275,0
5.2796e+06,1.356e+07,6.3531e+07,-4.654e+06,4.2399e-09,-6.9744e-09,0.128,0,0.628,0
5.9892e+06,1.38e+07,6.3624e+07,-4.623e+06,4.3204e-09,-6.8815e-09,0.1285,0,0.6285,0
6.6989e+06,1.404e+07,6.3716e+07,-4.592e+06,4.401e-09,-6.7886e-09,0.129,0,0.629,0
7.4085e+06,1.428e+07,6.3809e+07,-4.561e+06,4.4815e-09,-6.6957e-09,0.1295,0,0.6295,0
8.1182e+06,1.452e+07,6.3902e+07,-4.53e+06,4.5621e-09,-6.6029e-09,0.13,0,0.63,0
8.8279e+06,1.476e+07,6.3994e+07,-4.499e+06,4.6426e-09,-6.51e-09,0.1305,0,0.6305,0
9.5375e+06,1.5e+07,6.4087e+07,-4.468e+06,4.7232e-09,-6.4171e-09,0.131,0,0.631,0
1.0247e+07,1.524e+07,6.4179e+07,-4.437e+06,4.8037e-09,-6.3242e-09,0.1315,0,0.6315,0
1.0957e+07,1.548e+07,6.4272e+07,-4.406e+06,4.8843e-09,-6.2313e-09,0.132,0,0.632,0
1.1667e+07,1.572e+07,6.4365e+07,-4.375e+06,4.9648e-09,-6.1384e-09,0.1325,0,0.6325,0
1.2376e+07,1.596e+07,6.4457e+07,-4.344e+06,5.0454e-09,-6.0455e-09,0.133,0,0.633,0
1.3086e+07,1.62e+07,6.455e+07,-4.313e+06,5.1259e-09,-5.9526e-09,0.1335,0,0.6335,0
1.3796e+07,1.644e+07,6.4642e+07,-4.282e+06,5.2065e-09,-5.8597e-09,0.134,0,0.634,0
1.4505e+07,1.668e+07,6.4735e+07,-4.251e+06,5.287e-09,-5.7668e-09,0.1345,0,0.6345,0
1.5215e+07,1.692e+07,6.4828e+07,-4.22e+06,5.3676e-09,-5.6739e-09,0.135,0,0.635,0
1.5925e+07,1.716e+07,6.492e+07,-4.189e+06,5.4481e-09,-5.581e-09,0.1355,0,0.6355,0
1.6634e+07,1.74e+07,6.5013e+07,-4.158e+06,5.5287e-09,-5.4882e-09,0.136,0,0.636,0
1.7344e+07,1.764e+07,6.5106e+07,-4.1269e+06,5.6092e-09,-5.3953e-09,0.1365,0,0.6365,0
1.8054e+07,1.788e+07,6.5198e+07,-4.0959e+06,5.6898e-09,-5.3024e-09,0.137,0,0.637,0
1.8763e+07,1.812e+07,6.5291e+07,-4.0649e+06,5.7703e-09,-5.2095e-09,0.1375,0,0.6375,0
1.9473e+07,1.836e+07,6.5383e+07,-4.0339e+06,5.8509e-09,-5.1166e-09,0.138,0,0.638,0
2.0182e+07,1.86e+07,6.5476e+07,-4.0029e+06,5.9314e-09,-5.0237e-09,0.1385,0,0.6385,0
2.0892e+07,1.884e+07,6.5569e+07,-3.9719e+06,6.012e-09,-4.9308e-09,0.139,0,0.639,0
2.1602e+07,1.908e+07,6.5661e+07,-3.9409e+06,6.0925e-09,-4.8379e-09,0.1395,0,0.6395,0
2.2311e+07,1.932e+07,6.5754e+07,-3.9099e+06,6.1731e-09,-4.745e-09,0.14,0,0.64,0
2.3021e+07,1.956e+07,6.5846e+07,-3.8789e+06,6.2536e-09,-4.6521e-09,0.1405,0,0.6405,0
2.3731e+07,1.98e+07,6.5939e+07,-3.8479e+06,6.3342e-09,-4.5592e-09,0.141,0,0.641,0
2.444e+07,2.004e+07,6.6032e+07,-3.8169e+06,6.4147e-09,-4.4663e-09,0.1415,0,0.6415,0
2.515e+07,2.028e+07,6.6124e+07,-3.7859e+06,6.4953e-09,-4.3734e-09,0.142,0,0.642,0
2.586e+07,2.0519e+07,6.6217e+07,-3.7549e+06,6.5758e-09,-4.2806e-09,0.1425,0,0.6425,0
2.6569e+07,2.0759e+07,6.6309e+07,-3.7239e+06,6.6564e-09,-4.1877e-09,0.143,0,0.643,0
2.7279e+07,2.0999e+07,6.6402e+07,-3.6929e+06,6.7369e-09,-4.0948e-09,0.1435,0,0.6435,0
2.7989e+07,2.1239e+07,6.6495e+07,-3.6619e+06,6.8175e-09,-4.0019e-09,0.144,0,0.644,0
2.8698e+07,2.1479e+07,6.6587e+07,-3.6309e+06,6.898e-09,-3.909e-09,0.1445,0,0.6445,0
2.9408e+07,2.1719e+07,6.668e+07,-3.5999e+06,6.9785e-09,-3.8161e-09,0.145,0,0.645,0
3.0118e+07,2.1959e+07,6.6773e+07,-3.5689e+06,7.0591e-09,-3.7232e-09,0.1455,0,0.6455,0
3.0827e+07,2.2199e+07,6.6865e+07,-3.5379e+06,7.1397e-09,-3.6303e-09,0.146,0,0.646,0
3.1537e+07,2.2439e+07,6.6958e+07,-3.5069e+06,7.2202e-09,-3.5374e-09,0.1465,0,0.6465,0
3.2247e+07,2.2679e+07,6.705e+07,-3.4759e+06,7.3007e-09,-3.4445e-09,0.147,0,0.647,0
3.2956e+07,2.2919e+07,6.7143e+07,-3.4449e+06,7.3813e-09,-3.3516e-09,0.1475,0,0.6475,0
3.3666e+07,2.3159e+07,6.7236e+07,-3.4139e+06,7.4618e-09,-3.2587e-09,0.148,0,0.648,0
3.4376e+07,2.3399e+07,6.7328e+07,-3.3828e+06,7.5424e-09,-3.1658e-09,0.1485,0,0.6485,0
3.5085e+07,2.3639e+07,6.7421e+07,-3.3518e+06,7.6229e-09,-3.073e-09,0.149,0,0.649,0
3.5795e+07,2.3879e+07,6.7513e+07,-3.3208e+06,7.7035e-09,-2.9801e-09,0.1495,0,0.6495,0
3.6505e+07,2.4119e+07,6.7606e+07,-3.2898e+06,7.784e-09,-2.8872e-09,0.15,0,0.65,0
3.7002e+07,2.4338e+07,6.76e+07,-3.2844e+06,7.5819e-09,-2.8879e-09,0.1505,0,0.6505,0
3.75e+07,2.4557e+07,6.7594e+07,-3.2789e+06,7.3797e-09,-2.8886e-09,0.151,0,0.651,0
3.7998e+07,2.4777e+07,6.7588e+07,-3.2734e+06,7.1776e-09,-2.8894e-09,0.1515,0,0.6515,0
3.8495e+07,2.4996e+07,6.7582e+07,-3.2679e+06,6.9755e-09,-2.8901e-09,0.152,0,0.652,0
3.8993e+07,2.5215e+07,6.7576e+07,-3.2625e+06,6.7733e-09,-2.8908e-09,0.1525,0,0.6525,0
3.949e+07,2.5434e+07,6.757e+07,-3.257e+06,6.5712e-09,-2.8915e-09,0.153,0,0.653,0
3.9988e+07,2.5653e+07,6.7564e+07,-3.2515e+06,6.369e-09,-2.8923e-09,0.1535,0,0.6535,0
4.0486e+07,2.5873e+07,6.7558e+07,-3.2461e+06,6.1669e-09,-2.893e-09,0.154,0,0.654,0
4.0983e+07,2.6092e+07,6.7552e+07,-3.2406e+06,5.9648e-09,-2.8937e-09,0.1545,0,0.6545,0
4.1481e+07,2.6311e+07,6.7546e+07,-3.2351e+06,5.7626e-09,-2.8944e-09,0.155,0,0.655,0
4.1979e+07,2.653e+07,6.754e+07,-3.2296e+06,5.5605e-09,-2.8952e-09,0.1555,0,0.6555,0
4.2476e+07,2.6749e+07,6.7534e+07,-3.2242e+06,5.3584e-09,-2.8959e-09,0.156,0,0.656,0
4.2974e+07,2.6968e+07,6.7528e+07,-3.2187e+06,5.1562e-09,-2.8966e-09,0.1565,0,0.6565,0
4.3471e+07,2.7188e+07,6.7522e+07,-3.2132e+06,4.9541e-09,-2.8974e-09,0.157,0,0.657,0
4.3969e+07,2.7407e+07,6.7516e+07,-3.2077e+06,4.7519e-09,-2.8981e-09,0.1575,0,0.6575,0
4.4467e+07,2.7626e+07,6.751e+07,-3.2023e+06,4.5498e-09,-2.8988e-09,0.158,0,0.658,0
4.4964e+07,2.7845e+07,6.7504e+07,-3.1968e+06,4.3477e-09,-2.8995e-09,0.1585,0,0.6585,0
4.5462e+07,2.8064e+07,6.7498e+07,-3.1913e+06,4.1455e-09,-2.9003e-09,0.159,0,0.659,0
4.596e+07,2.8284e+07,6.7492e+07,-3.1858e+06,3.9434e-09,-2.901e-09,0.1595,0,0.6595,0
4.6457e+07,2.8503e+07,6.7486e+07,-3.1804e+06,3.7412e-09,-2.9017e-09,0.16,0,0.66,0
4.6955e+07,2.8722e+07,6.748e+07,-3.1749e+06,3.5391e-09,-2.9024e-09,0.1605,0,0.6605,0
4.7452e+07,2.8941e+07,6.7474e+07,-3.1694e+06,3.337e-09,-2.9032e-09,0.161,0,0.661,0
4.795e+07,2.916e+07,6.7468e+07,-3.164e+06,3.1348e-09,-2.9039e-09,0.1615,0,0.6615,0
4.8448e+07,2.938e+07,6.7462e+07,-3.1585e+06,2.9327e-09,-2.9046e-09,0.162,0,0.662,0
4.8945e+07,2.9599e+07,6.7456e+07,-3.153e+06,2.7305e-09,-2.9054e-09,0.1625,0,0.6625,0
4.9443e+07,2.9818e+07,6.745e+07,-3.1475e+06,2.5284e-09,-2.9061e-09,0.163,0,0.663,0
4.9941e+07,3.0037e+07,6.7444e+07,-3.1421e+06,2.3263e-09,-2.9068e-09,0.1635,0,0.6635,0
5.0438e+07,3.0256e+07,6.7438e+07,-3.1366e+06,2.1241e-09,-2.9075e-09,0.164,0,0.664,0
5.0936e+07,3.0476e+07,6.7431e+07,-3.1311e+06,1.922e-09,-2.9083e-09,0.1645,0,0.6645,0
5.1433e+07,3.0695e+07,6.7425e+07,-3.1256e+06,1.7199e-09,-2.909e-09,0.165,0,0.665,0
5.1931e+07,3.0914e+07,6.7419e+07,-3.1202e+06,1.5177e-09,-2.9097e-09,0.1655,0,0.6655,0
5.2429e+07,3.1133e+07,6.7413e+07,-3.1147e+06,1.3156e-09,-2.9104e-09,0.166,0,0.666,0
5.2926e+07,3.1352e+07,6.7407e+07,-3.1092e+06,1.1135e-09,-2.9112e-09,0.1665,0,0.6665,0
5.3424e+07,3.1572e+07,6.7401e+07,-3.1038e+06,9.1131e-10,-2.9119e-09,0.167,0,0.667,0
5.3922e+07,3.1791e+07,6.7395e+07,-3.0983e+06,7.0916e-10,-2.9126e-09,0.1675,0,0.6675,0
5.4419e+07,3.201e+07,6.7389e+07,-3.0928e+06,5.0703e-10,-2.9134e-09,0.168,0,0.668,0
5.4917e+07,3.2229e+07,6.7383e+07,-3.0873e+06,3.0489e-10,-2.9141e-09,0.1685,0,0.6685,0
5.5414e+07,3.2448e+07,6.7377e+07,-3.0819e+06,1.0274e-10,-2.9148e-09,0.169,0,0.669,0
5.5912e+07,3.2667e+07,6.7371e+07,-3.0764e+06,-9.9386e-11,-2.9155e-09,0.1695,0,0.6695,0
5.641e+07,3.2887e+07,6.7365e+07,-3.0709e+06,-3.0153e-10,-2.9163e-09,0.17,0,0.67,0
5.6907e+07,3.3106e+07,6.7359e+07,-3.0654e+06,-5.0366e-10,-2.917e-09,0.1705,0,0.6705,0
5.7405e+07,3.3325e+07,6.7353e+07,-3.06e+06,-7.0581e-10,-2.9177e-09,0.171,0,0.671,0
5.7903e+07,3.3544e+07,6.7347e+07,-3.0545e+06,-9.0795e-10,-2.9184e-09,0.1715,0,0.6715,0
5.84e+07,3.3763e+07,6.7341e+07,-3.049e+06,-1.1101e-09,-2.9192e-09,0.172,0,0.672,0
5.8898e+07,3.3983e+07,6.7335e+07,-3.0436e+06,-1.3122e-09,-2.9199e-09,0.1725,0,0.6725,0
5.9395e+07,3.4202e+07,6.7329e+07,-3.0381e+06,-1.5144e-09,-2.9206e-09,0.173,0,0.673,0
5.9893e+07,3.4421e+07,6.7323e+07,-3.0326e+06,-1.7165e-09,-2.9214e-09,0.1735,0,0.6735,0
6.0391e+07,3.464e+07,6.7317e+07,-3.0271e+06,-1.9186e-09,-2.9221e-09,0.174,0,0.674,0
6.0888e+07,3.4859e+07,6.7311e+07,-3.0217e+06,-2.1208e-09,-2.9228e-09,0.1745,0,0.6745,0
6.1386e+07,3.5079e+07,6.7305e+07,-3.0162e+06,-2.3229e-09,-2.9235e-09,0.175,0,0.675,0
6.1772e+07,3.5209e+07,6.7124e+07,-2.9884e+06,-2.3146e-09,-2.9038e-09,0.1755,0,0.6755,0
6.2157e+07,3.5339e+07,6.6944e+07,-2.9606e+06,-2.3062e-09,-2.8841e-09,0.176,0,0.676,0
6.2543e+07,3.5469e+07,6.6763e+07,-2.9328e+06,-2.2979e-09,-2.8644e-09,0.1765,0,0.6765,0
6.2929e+07,3.5599e+07,6.6582e+07,-2.905e+06,-2.2896e-09,-2.8447e-09,0.177,0,0.677,0
6.3315e+07,3.5729e+07,6.6402e+07,-2.8772e+06,-2.2812e-09,-2.825e-09,0.1775,0,0.6775,0
6.3701e+07,3.5859e+07,6.6221e+07,-2.8494e+06,-2.2729e-09,-2.8053e-09,0.178,0,0.678,0
6.4086e+07,3.5989e+07,6.604e+07,-2.8216e+06,-2.2645e-09,-2.7855e-09,0.1785,0,0.6785,0
6.4472e+07,3.6119e+07,6.586e+07,-2.7938e+06,-2.2562e-09,-2.7658e-09,0.179,0,0.679,0
6.4858e+07,3.6249e+07,6.5679e+07,-2.766e+06,-2.2479e-09,-2.7461e-09,0.1795,0,0.6795,0
6.5244e+07,3.638e+07,6.5498e+07,-2.7382e+06,-2.2395e-09,-2.7264e-09,0.18,0,0.68,0
6.563e+07,3.651e+07,6.5318e+07,-2.7104e+06,-2.2312e-09,-2.7067e-09,0.1805,0,0.6805,0
6.6015e+07,3.664e+07,6.5137e+07,-2.6826e+06,-2.2228e-09,-2.687e-09,0.181,0,0.681,0
6.6401e+07,3.677e+07,6.4956e+07,-2.6548e+06,-2.2145e-09,-2.6673e-09,0.1815,0,0.6815,0
6.6787e+07,3.69e+07,6.4776e+07,-2.627e+06,-2.2062e-09,-2.6475e-09,0.182,0,0.682,0
6.7173e+07,3.703e+07,6.4595e+07,-2.5992e+06,-2.1978e-09,-2.6278e-09,0.1825,0,0.6825,0
6.7559e+07,3.716e+07,6.4414e+07,-2.5714e+06,-2.1895e-09,-2.6081e-09,0.183,0,0.683,0
6.7944e+07,3.729e+07,6.4234e+07,-2.5436e+06,-2.1811e-09,-2.5884e-09,0.1835,0,0.6835,0
6.833e+07,3.742e+07,6.4053e+07,-2.5158e+06,-2.1728e-09,-2.5687e-09,0.184,0,0.684,0
6.8716e+07,3.755e+07,6.3872e+07,-2.488e+06,-2.1645e-09,-2.549e-09,0.1845,0,0.6845,0
6.9102e+07,3.768e+07,6.3692e+07,-2.4602e+06,-2.1561e-09,-2.5293e-09,0.185,0,0.685,0
6.9488e+07,3.7811e+07,6.3511e+07,-2.4324e+06,-2.1478e-09,-2.5096e-09,0.1855,0,0.6855,0
6.9873e+07,3.7941e+07,6.333e+07,-2.4046e+06,-2.1395e-09,-2.4898e-09,0.186,0,0.686,0
7.0259e+07,3.8071e+07,6.315e+07,-2.3768e+06,-2.1311e-09,-2.4701e-09,0.1865,0,0.6865,0
7.0645e+07,3.8201e+07,6.2969e+07,-2.3491e+06,-2.1228e-09,-2.4504e-09,0.187,0,0.687,0
7.1031e+07,3.8331e+07,6.2788e+07,-2.3213e+06,-2.1144e-09,-2.4307e-09,0.1875,0,0.6875,0
7.1417e+07,3.8461e+07,6.2607e+07,-2.2935e+06,-2.1061e-09,-2.411e-09,0.188,0,0.688,0
7.1802e+07,3.8591e+07,6.2427e+07,-2.2657e+06,-2.0978e-09,-2.3913e-09,0.1885,0,0.6885,0
7.2188e+07,3.8721e+07,6.2246e+07,-2.2379e+06,-2.0894e-09,-2.3716e-09,0.189,0,0.689,0
7.2574e+07,3.8851e+07,6.2065e+07,-2.2101e+06,-2.0811e-09,-2.3519e-09,0.1895,0,0.6895,0
7.296e+07,3.8981e+07,6.1885e+07,-2.1823e+06,-2.0727e-09,-2.3321e-09,0.19,0,0.69,0
7.3346e+07,3.9111e+07,6.1704e+07,-2.1545e+06,-2.0644e-09,-2.3124e-09,0.1905,0,0.6905,0
7.3731e+07,3.9242e+07,6.1523e+07,-2.1267e+06,-2.0561e-09,-2.2927e-09,0.191,0,0.691,0
7.4117e+07,3.9372e+07,6.1343e+07,-2.0989e+06,-2.0477e-09,-2.273e-09,0.1915,0,0.6915,0
7.4503e+07,3.9502e+07,6.1162e+07,-2.0711e+06,-2.0394e-09,-2.2533e-09,0.192,0,0.692,0
7.4889e+07,3.9632e+07,6.0981e+07,-2.0433e+06,-2.031e-09,-2.2336e-09,0.1925,0,0.6925,0
7.5275e+07,3.9762e+07,6.0801e+07,-2.0155e+06,-2.0227e-09,-2.2139e-09,0.193,0,0.693,0
7.566e+07,3.9892e+07,6.062e+07,-1.9877e+06,-2.0144e-09,-2.1941e-09,0.1935,0,0.6935,0
7.6046e+07,4.0022e+07,6.0439e+07,-1.9599e+06,-2.006e-09,-2.1744e-09,0.194,0,0.694,0
7.6432e+07,4.0152e+07,6.0259e+07,-1.9321e+06,-1.9977e-09,-2.1547e-09,0.1945,0,0.6945,0
7.6818e+07,4.0282e+07,6.0078e+07,-1.9043e+06,-1.9893e-09,-2.135e-09,0.195,0,0.695,0
7.7204e+07,4.0412e+07,5.9897e+07,-1.8765e+06,-1.981e-09,-2.1153e-09,0.1955,0,0.6955,0
7.7589e+07,4.0542e+07,5.9717e+07,-1.8487e+06,-1.9727e-09,-2.0956e-09,0.196,0,0.696,0
7.7975e+07,4.0673e+07,5.9536e+07,-1.8209e+06,-1.9643e-09,-2.0759e-09,0.1965,0,0.6965,0
7.8361e+07,4.0803e+07,5.9355e+07,-1.7931e+06,-1.956e-09,-2.0562e-09,0.197,0,0.697,0
7.8747e+07,4.0933e+07,5.9175e+07,-1.7653e+06,-1.9476e-09,-2.0364e-09,0.1975,0,0.6975,0
7.9133e+07,4.1063e+07,5.8994e+07,-1.7375e+06,-1.9393e-09,-2.0167e-09,0.198,0,0.698,0
7.9518e+07,4.1193e+07,5.8813e+07,-1.7097e+06,-1.931e-09,-1.997e-09,0.1985,0,0.6985,0
7.9904e+07,4.1323e+07,5.8633e+07,-1.6819e+06,-1.9226e-09,-1.9773e-09,0.199,0,0.699,0
8.029e+07,4.1453e+07,5.8452e+07,-1.6541e+06,-1.9143e-09,-1.9576e-09,0.1995,0,0.6995,0
8.0676e+07,4.1583e+07,5.8271e+07,-1.6263e+06,-1.9059e-09,-1.9379e-09,0.2,0,0.7,0
8.0862e+07,4.1606e+07,5.8017e+07,-1.5976e+06,-1.8259e-09,-1.7484e-09,0.2005,0,0.7005,0
8.1048e+07,4.163e+07,5.7763e+07,-1.5688e+06,-1.7458e-09,-1.5589e-09,0.201,0,0.701,0
8.1234e+07,4.1653e+07,5.7509e+07,-1.5401e+06,-1.6657e-09,-1.3694e-09,0.2015,0,0.7015,0
8.1421e+07,4.1676e+07,5.7254e+07,-1.5114e+06,-1.5856e-09,-1.1799e-09,0.202,0,0.702,0
8.1607e+07,4.1699e+07,5.7e+07,-1.4826e+06,-1.5056e-09,-9.904e-10,0.2025,0,0.7025,0
8.1793e+07,4.1722e+07,5.6746e+07,-1.4539e+06,-1.4255e-09,-8.0089e-10,0.203,0,0.703,0
8.1979e+07,4.1745e+07,5.6492e+07,-1.4251e+06,-1.3454e-09,-6.1141e-10,0.2035,0,0.7035,0
8.2166e+07,4.1769e+07,5.6238e+07,-1.3964e+06,-1.2653e-09,-4.2191e-10,0.204,0,0.704,0
8.2352e+07,4.1792e+07,5.5983e+07,-1.3677e+06,-1.1852e-09,-2.324e-10,0.2045,0,0.7045,0
8.2538e+07,4.1815e+07,5.5729e+07,-1.3389e+06,-1.1052e-09,-4.2922e-11,0.205,0,0.705,0
8.2724e+07,4.1838e+07,5.5475e+07,-1.3102e+06,-1.0251e-09,1.4658e-10,0.2055,0,0.7055,0
8.291e+07,4.1861e+07,5.5221e+07,-1.2814e+06,-9.45e-10,3.3606e-10,0.206,0,0.706,0
8.3097e+07,4.1884e+07,5.4966e+07,-1.2527e+06,-8.6492e-10,5.2557e-10,0.2065,0,0.7065,0
8.3283e+07,4.1908e+07,5.4712e+07,-1.224e+06,-7.8483e-10,7.1507e-10,0.207,0,0.707,0
8.3469e+07,4.1931e+07,5.4458e+07,-1.1952e+06,-7.0476e-10,9.0455e-10,0.2075,0,0.7075,0
8.3655e+07,4.1954e+07,5.4204e+07,-1.1665e+06,-6.2468e-10,1.0941e-09,0.208,0,0.708,0
8.3841e+07,4.1977e+07,5.395e+07,-1.1377e+06,-5.4459e-10,1.2836e-09,0.2085,0,0.7085,0
8.4028e+07,4.2e+07,5.3695e+07,-1.109e+06,-4.6452e-10,1.473e-09,0.209,0,0.709,0
8.4214e+07,4.2023e+07,5.3441e+07,-1.0803e+06,-3.8444e-10,1.6625e-09,0.2095,0,0.7095,0
8.44e+07,4.2047e+07,5.3187e+07,-1.0515e+06,-3.0437e-10,1.852e-09,0.21,0,0.71,0
8.4586e+07,4.207e+07,5.2933e+07,-1.0228e+06,-2.2428e-10,2.0415e-09,0.2105,0,0.7105,0
8.4773e+07,4.2093e+07,5.2679e+07,-9.9404e+05,-1.442e-10,2.231e-09,0.211,0,0.711,0
8.4959e+07,4.2116e+07,5.2424e+07,-9.653e+05,-6.4126e-11,2.4205e-09,0.2115,0,0.7115,0
8.5145e+07,4.2139e+07,5.217e+07,-9.3656e+05,1.5957e-11,2.61e-09,0.212,0,0.712,0
8.5331e+07,4.2162e+07,5.1916e+07,-9.0782e+05,9.6031e-11,2.7995e-09,0.2125,0,0.7125,0
8.5517e+07,4.2186e+07,5.1662e+07,-8.7908e+05,1.7611e-10,2.989e-09,0.213,0,0.713,0
8.5704e+07,4.2209e+07,5.1407e+07,-8.5034e+05,2.562e-10,3.1785e-09,0.2135,0,0.7135,0
8.589e+07,4.2232e+07,5.1153e+07,-8.216e+05,3.3627e-10,3.368e-09,0.214,0,0.714,0
8.6076e+07,4.2255e+07,5.0899e+07,-7.9286e+05,4.1635e-10,3.5575e-09,0.2145,0,0.7145,0
8.6262e+07,4.2278e+07,5.0645e+07,-7.6412e+05,4.9643e-10,3.747e-09,0.215,0,0.715,0
8.6449e+07,4.2301e+07,5.0391e+07,-7.3538e+05,5.7651e-10,3.9365e-09,0.2155,0,0.7155,0
8.6635e+07,4.2325e+07,5.0136e+07,-7.0663e+05,6.5659e-10,4.126e-09,0.216,0,0.716,0
8.6821e+07,4.2348e+07,4.9882e+07,-6.779e+05,7.3667e-10,4.3155e-09,0.2165,0,0.7165,0
8.7007e+07,4.2371e+07,4.9628e+07,-6.4915e+05,8.1675e-10,4.505e-09,0.217,0,0.717,0
8.7193e+07,4.2394e+07,4.9374e+07,-6.2042e+05,8.9682e-10,4.6945e-09,0.2175,0,0.7175,0
8.738e+07,4.2417e+07,4.912e+07,-5.9167e+05,9.7691e-10,4.884e-09,0.218,0,0.718,0
8.7566e+07,4.244e+07,4.8865e+07,-5.6293e+05,1.057e-09,5.0735e-09,0.2185,0,0.7185,0
8.7752e+07,4.2464e+07,4.8611e+07,-5.3419e+05,1.1371e-09,5.2629e-09,0.219,0,0.719,0
8.7938e+07,4.2487e+07,4.8357e+07,-5.0545e+05,1.2171e-09,5.4524e-09,0.2195,0,0.7195,0
8.8124e+07,4.251e+07,4.8103e+07,-4.7671e+05,1.2972e-09,5.642e-09,0.22,0,0.72,0
8.8311e+07,4.2533e+07,4.7849e+07,-4.4797e+05,1.3773e-09,5.8314e-09,0.2205,0,0.7205,0
8.8497e+07,4.2556e+07,4.7594e+07,-4.1923e+05,1.4574e-09,6.0209e-09,0.221,0,0.721,0
8.8683e+07,4.2579e+07,4.734e+07,-3.9049e+05,1.5375e-09,6.2104e-09,0.2215,0,0.7215,0
8.8869e+07,4.2603e+07,4.7086e+07,-3.6175e+05,1.6175e-09,6.3999e-09,0.222,0,0.722,0
8.9056e+07,4.2626e+07,4.6832e+07,-3.3301e+05,1.6976e-09,6.5894e-09,0.2225,0,0.7225,0
8.9242e+07,4.2649e+07,4.6577e+07,-3.0427e+05,1.7777e-09,6.7789e-09,0.223,0,0.723,0
8.9428e+07,4.2672e+07,4.6323e+07,-2.7553e+05,1.8578e-09,6.9684e-09,0.2235,0,0.7235,0
8.9614e+07,4.2695e+07,4.6069e+07,-2.4679e+05,1.9379e-09,7.1579e-09,0.224,0,0.724,0
8.98e+07,4.2718e+07,4.5815e+07,-2.1805e+05,2.0179e-09,7.3474e-09,0.2245,0,0.7245,0
8.9987e+07,4.2742e+07,4.5561e+07,-1.8931e+05,2.098e-09,7.5369e-09,0.225,0,0.725,0
8.9916e+07,4.2697e+07,4.5387e+07,-1.6165e+05,2.09e-09,7.5964e-09,0.2255,0,0.7255,0
8.9846e+07,4.2653e+07,4.5212e+07,-1.3398e+05,2.082e-09,7.6558e-09,0.226,0,0.726,0
8.9776e+07,4.2609e+07,4.5038e+07,-1.0632e+05,2.0739e-09,7.7153e-09,0.2265,0,0.7265,0
8.9706e+07,4.2564e+07,4.4864e+07,-78659,2.0659e-09,7.7747e-09,0.227,0,0.727,0
8.9636e+07,4.252e+07,4.469e+07,-50995,2.0579e-09,7.8342e-09,0.2275,0,0.7275,0
8.9565e+07,4.2476e+07,4.4516e+07,-23335,2.0499e-09,7.8936e-09,0.228,0,0.728,0
8.9495e+07,4.2431e+07,4.4342e+07,4329.3,2.0418e-09,7.9531e-09,0.2285,0,0.7285,0
8.9425e+07,4.2387e+07,4.4168e+07,31990,2.0338e-09,8.0125e-09,0.229,0,0.729,0
8.9355e+07,4.2343e+07,4.3994e+07,59654,2.0258e-09,8.072e-09,0.2295,0,0.7295,0
8.9284e+07,4.2298e+07,4.382e+07,87318,2.0178e-09,8.1314e-09,0.23,0,0.73,0
8.9214e+07,4.2254e+07,4.3646e+07,1.1498e+05,2.0097e-09,8.1909e-09,0.2305,0,0.7305,0
8.9144e+07,4.221e+07,4.3471e+07,1.4264e+05,2.0017e-09,8.2503e-09,0.231,0,0.731,0
8.9074e+07,4.2165e+07,4.3297e+07,1.7031e+05,1.9937e-09,8.3098e-09,0.2315,0,0.7315,0
8.9004e+07,4.2121e+07,4.3123e+07,1.9797e+05,1.9857e-09,8.3692e-09,0.232,0,0.732,0
8.8933e+07,4.2077e+07,4.2949e+07,2.2563e+05,1.9776e-09,8.4287e-09,0.2325,0,0.7325,0
8.8863e+07,4.2032e+07,4.2775e+07,2.5329e+05,1.9696e-09,8.4881e-09,0.233,0,0.733,0
8.8793e+07,4.1988e+07,4.2601e+07,2.8096e+05,1.9616e-09,8.5476e-09,0.2335,0,0.7335,0
8.8723e+07,4.1944e+07,4.2427e+07,3.0862e+05,1.9536e-09,8.607e-09,0.234,0,0.734,0
8.8653e+07,4.1899e+07,4.2253e+07,3.3628e+05,1.9455e-09,8.6665e-09,0.2345,0,0.7345,0
8.8582e+07,4.1855e+07,4.2079e+07,3.6394e+05,1.9375e-09,8.7259e-09,0.235,0,0.735,0
8.8512e+07,4.1811e+07,4.1904e+07,3.916e+05,1.9295e-09,8.7854e-09,0.2355,0,0.7355,0
8.8442e+07,4.1766e+07,4.173e+07,4.1927e+05,1.9215e-09,8.8448e-09,0.236,0,0.736,0
8.8372e+07,4.1722e+07,4.1556e+07,4.4693e+05,1.9134e-09,8.9043e-09,0.2365,0,0.7365,0
8.8301e+07,4.1678e+07,4.1382e+07,4.7459e+05,1.9054e-09,8.9637e-09,0.237,0,0.737,0
8.8231e+07,4.1633e+07,4.1208e+07,5.0226e+05,1.8974e-09,9.0232e-09,0.2375,0,0.7375,0
8.8161e+07,4.1589e+07,4.1034e+07,5.2992e+05,1.8894e-09,9.0826e-09,0.238,0,0.738,0
8.8091e+07,4.1545e+07,4.086e+07,5.5758e+05,1.8813e-09,9.1421e-09,0.2385,0,0.7385,0
8.8021e+07,4.15e+07,4.0686e+07,5.8525e+05,1.8733e-09,9.2016e-09,0.239,0,0.739,0
8.795e+07,4.1456e+07,4.0512e+07,6.1291e+05,1.8653e-09,9.261e-09,0.2395,0,0.7395,0
8.788e+07,4.1412e+07,4.0338e+07,6.4057e+05,1.8573e-09,9.3205e-09,0.24,0,0.74,0
8.781e+07,4.1367e+07,4.0163e+07,6.6823e+05,1.8492e-09,9.3799e-09,0.2405,0,0.7405,0
8.774e+07,4.1323e+07,3.9989e+07,6.9589e+05,1.8412e-09,9.4394e-09,0.241,0,0.741,0
8.767e+07,4.1279e+07,3.9815e+07,7.2356e+05,1.8332e-09,9.4988e-09,0.2415,0,0.7415,0
8.7599e+07,4.1234e+07,3.9641e+07,7.5122e+05,1.8252e-09,9.5583e-09,0.242,0,0.742,0
8.7529e+07,4.119e+07,3.9467e+07,7.7888e+05,1.8171e-09,9.6177e-09,0.2425,0,0.7425,0
8.7459e+07,4.1146e+07,3.9293e+07,8.0654e+05,1.8091e-09,9.6772e-09,0.243,0,0.743,0
8.7389e+07,4.1101e+07,3.9119e+07,8.3421e+05,1.8011e-09,9.7366e-09,0.2435,0,0.7435,0
8.7318e+07,4.1057e+07,3.8945e+07,8.6187e+05,1.7931e-09,9.7961e-09,0.244,0,0.744,0
8.7248e+07,4.1013e+07,3.8771e+07,8.8953e+05,1.785e-09,9.8555e-09,0.2445,0,0.7445,0
8.7178e+07,4.0968e+07,3.8597e+07,9.172e+05,1.777e-09,9.915e-09,0.245,0,0.745,0
8.7108e+07,4.0924e+07,3.8422e+07,9.4486e+05,1.769e-09,9.9744e-09,0.2455,0,0.7455,0
8.7038e+07,4.088e+07,3.8248e+07,9.7252e+05,1.761e-09,1.0034e-08,0.246,0,0.746,0
8.6967e+07,4.0835e+07,3.8074e+07,1.0002e+06,1.7529e-09,1.0093e-08,0.2465,0,0.7465,0
8.6897e+07,4.0791e+07,3.79e+07,1.0278e+06,1.7449e-09,1.0153e-08,0.247,0,0.747,0
8.6827e+07,4.0747e+07,3.7726e+07,1.0555e+06,1.7369e-09,1.0212e-08,0.2475,0,0.7475,0
8.6757e+07,4.0702e+07,3.7552e+07,1.0832e+06,1.7289e-09,1.0272e-08,0.248,0,0.748,0
8.6687e+07,4.0658e+07,3.7378e+07,1.1108e+06,1.7208e-09,1.0331e-08,0.2485,0,0.7485,0
8.6616e+07,4.0614e+07,3.7204e+07,1.1385e+06,1.7128e-09,1.0391e-08,0.249,0,0.749,0
8.6546e+07,4.0569e+07,3.703e+07,1.1662e+06,1.7048e-09,1.045e-08,0.2495,0,0.7495,0
8.6476e+07,4.0525e+07,3.6856e+07,1.1938e+06,1.6968e-09,1.0509e-08,0.25,0,0.75,0
8.6151e+07,4.0403e+07,3.6764e+07,1.2257e+06,1.7067e-09,1.0507e-08,0.2505,0,0.7505,0
8.5827e+07,4.0281e+07,3.6672e+07,1.2577e+06,1.7166e-09,1.0505e-08,0.251,0,0.751,0
8.5503e+07,4.0159e+07,3.658e+07,1.2896e+06,1.7265e-09,1.0502e-08,0.2515,0,0.7515,0
8.5178e+07,4.0037e+07,3.6488e+07,1.3215e+06,1.7364e-09,1.05e-08,0.252,0,0.752,0
8.4854e+07,3.9915e+07,3.6396e+07,1.3534e+06,1.7463e-09,1.0497e-08,0.2525,0,0.7525,0
8.4529e+07,3.9793e+07,3.6304e+07,1.3854e+06,1.7562e-09,1.0495e-08,0.253,0,0.753,0
8.4205e+07,3.9671e+07,3.6212e+07,1.4173e+06,1.7661e-09,1.0492e-08,0.2535,0,0.7535,0
8.388e+07,3.9549e+07,3.612e+07,1.4492e+06,1.776e-09,1.049e-08,0.254,0,0.754,0
8.3556e+07,3.9427e+07,3.6028e+07,1.4811e+06,1.7859e-09,1.0487e-08,0.2545,0,0.7545,0
8.3232e+07,3.9305e+07,3.5937e+07,1.513e+06,1.7958e-09,1.0485e-08,0.255,0,0.755,0
8.2907e+07,3.9183e+07,3.5845e+07,1.545e+06,1.8057e-09,1.0483e-08,0.2555,0,0.7555,0
8.2583e+07,3.9061e+07,3.5753e+07,1.5769e+06,1.8156e-09,1.048e-08,0.256,0,0.756,0
8.2258e+07,3.8939e+07,3.5661e+07,1.6088e+06,1.8255e-09,1.0478e-08,0.2565,0,0.7565,0
8.1934e+07,3.8816e+07,3.5569e+07,1.6407e+06,1.8354e-09,1.0475e-08,0.257,0,0.757,0
8.1609e+07,3.8694e+07,3.5477e+07,1.6727e+06,1.8453e-09,1.0473e-08,0.2575,0,0.7575,0
8.1285e+07,3.8572e+07,3.5385e+07,1.7046e+06,1.8553e-09,1.047e-08,0.258,0,0.758,0
8.0961e+07,3.845e+07,3.5293e+07,1.7365e+06,1.8652e-09,1.0468e-08,0.2585,0,0.7585,0
8.0636e+07,3.8328e+07,3.5201e+07,1.7684e+06,1.8751e-09,1.0465e-08,0.259,0,0.759,0
8.0312e+07,3.8206e+07,3.5109e+07,1.8003e+06,1.885e-09,1.0463e-08,0.2595,0,0.7595,0
7.9987e+07,3.8084e+07,3.5018e+07,1.8323e+06,1.8949e-09,1.046e-08,0.26,0,0.76,0
7.9663e+07,3.7962e+07,3.4926e+07,1.8642e+06,1.9048e-09,1.0458e-08,0.2605,0,0.7605,0
7.9338e+07,3.784e+07,3.4834e+07,1.8961e+06,1.9147e-09,1.0456e-08,0.261,0,0.761,0
7.9014e+07,3.7718e+07,3.4742e+07,1.928e+06,1.9246e-09,1.0453e-08,0.2615,0,0.7615,0
7.869e+07,3.7596e+07,3.465e+07,1.96e+06,1.9345e-09,1.0451e-08,0.262,0,0.762,0
7.8365e+07,3.7474e+07,3.4558e+07,1.9919e+06,1.9444e-09,1.0448e-08,0.2625,0,0.7625,0
7.8041e+07,3.7352e+07,3.4466e+07,2.0238e+06,1.9543e-09,1.0446e-08,0.263,0,0.763,0
7.7716e+07,3.723e+07,3.4374e+07,2.0557e+06,1.9642e-09,1.0443e-08,0.2635,0,0.7635,0
7.7392e+07,3.7108e+07,3.4282e+07,2.0876e+06,1.9741e-09,1.0441e-08,0.264,0,0.764,0
7.7067e+07,3.6986e+07,3.419e+07,2.1196e+06,1.984e-09,1.0438e-08,0.2645,0,0.7645,0
7.6743e+07,3.6864e+07,3.4099e+07,2.1515e+06,1.9939e-09,1.0436e-08,0.265,0,0.765,0
7.6419e+07,3.6742e+07,3.4007e+07,2.1834e+06,2.0038e-09,1.0434e-08,0.2655,0,0.7655,0
7.6094e+07,3.662e+07,3.3915e+07,2.2153e+06,2.0138e-09,1.0431e-08,0.266,0,0.766,0
7.577e+07,3.6498e+07,3.3823e+07,2.2473e+06,2.0237e-09,1.0429e-08,0.2665,0,0.7665,0
7.5445e+07,3.6376e+07,3.3731e+07,2.2792e+06,2.0336e-09,1.0426e-08,0.267,0,0.767,0
7.5121e+07,3.6254e+07,3.3639e+07,2.3111e+06,2.0435e-09,1.0424e-08,0.2675,0,0.7675,0
7.4796e+07,3.6132e+07,3.3547e+07,2.343e+06,2.0534e-09,1.0421e-08,0.268,0,0.768,0
7.4472e+07,3.601e+07,3.3455e+07,2.3749e+06,2.0633e-09,1.0419e-08,0.2685,0,0.7685,0
7.4148e+07,3.5888e+07,3.3363e+07,2.4069e+06,2.0732e-09,1.0416e-08,0.269,0,0.769,0
7.3823e+07,3.5766e+07,3.3271e+07,2.4388e+06,2.0831e-09,1.0414e-08,0.2695,0,0.7695,0
7.3499e+07,3.5644e+07,3.3179e+07,2.4707e+06,2.093e-09,1.0411e-08,0.27,0,0.77,0
7.3174e+07,3.5522e+07,3.3088e+07,2.5026e+06,2.1029e-09,1.0409e-08,0.2705,0,0.7705,0
7.285e+07,3.54e+07,3.2996e+07,2.5346e+06,2.1128e-09,1.0407e-08,0.271,0,0.771,0
7.2525e+07,3.5278e+07,3.2904e+07,2.5665e+06,2.1227e-09,1.0404e-08,0.2715,0,0.7715,0
7.2201e+07,3.5156e+07,3.2812e+07,2.5984e+06,2.1326e-09,1.0402e-08,0.272,0,0.772,0
7.1877e+07,3.5034e+07,3.272e+07,2.6303e+06,2.1425e-09,1.0399e-08,0.2725,0,0.7725,0
7.1552e+07,3.4912e+07,3.2628e+07,2.6622e+06,2.1524e-09,1.0397e-08,0.273,0,0.773,0
7.1228e+07,3.479e+07,3.2536e+07,2.6942e+06,2.1623e-09,1.0394e-08,0.2735,0,0.7735,0
7.0903e+07,3.4668e+07,3.2444e+07,2.7261e+06,2.1722e-09,1.0392e-08,0.274,0,0.774,0
7.0579e+07,3.4546e+07,3.2352e+07,2.758e+06,2.1822e-09,1.0389e-08,0.2745,0,0.7745,0
7.0254e+07,3.4424e+07,3.226e+07,2.7899e+06,2.1921e-09,1.0387e-08,0.275,0,0.775,0
7.0019e+07,3.4281e+07,3.2131e+07,2.7746e+06,2.1467e-09,1.0163e-08,0.2755,0,0.7755,0
6.9784e+07,3.4138e+07,3.2001e+07,2.7594e+06,2.1014e-09,9.939e-09,0.276,0,0.776,0
6.9549e+07,3.3995e+07,3.1871e+07,2.7441e+06,2.0561e-09,9.7151e-09,0.2765,0,0.7765,0
6.9314e+07,3.3852e+07,3.1742e+07,2.7288e+06,2.0108e-09,9.4911e-09,0.277,0,0.777,0
6.9079e+07,3.3709e+07,3.1612e+07,2.7135e+06,1.9655e-09,9.2671e-09,0.2775,0,0.7775,0
6.8844e+07,3.3567e+07,3.1482e+07,2.6982e+06,1.9202e-09,9.0432e-09,0.278,0,0.778,0
6.8609e+07,3.3424e+07,3.1353e+07,2.6829e+06,1.8749e-09,8.8192e-09,0.2785,0,0.7785,0
6.8374e+07,3.3281e+07,3.1223e+07,2.6676e+06,1.8296e-09,8.5953e-09,0.279,0,0.779,0
6.8139e+07,3.3138e+07,3.1093e+07,2.6523e+06,1.7843e-09,8.3713e-09,0.2795,0,0.7795,0
6.7904e+07,3.2995e+07,3.0964e+07,2.6371e+06,1.7389e-09,8.1474e-09,0.28,0,0.78,0
6.7669e+07,3.2852e+07,3.0834e+07,2.6218e+06,1.6936e-09,7.9234e-09,0.2805,0,0.7805,0
6.7434e+07,3.271e+07,3.0704e+07,2.6065e+06,1.6483e-09,7.6994e-09,0.281,0,0.781,0
6.7199e+07,3.2567e+07,3.0575e+07,2.5912e+06,1.603e-09,7.4755e-09,0.2815,0,0.7815,0
6.6964e+07,3.2424e+07,3.0445e+07,2.5759e+06,1.5577e-09,7.2515e-09,0.282,0,0.782,0
6.6729e+07,3.2281e+07,3.0315e+07,2.5606e+06,1.5124e-09,7.0275e-09,0.2825,0,0.7825,0
6.6494e+07,3.2138e+07,3.0186e+07,2.5453e+06,1.4671e-09,6.8036e-09,0.283,0,0.783,0
6.6259e+07,3.1996e+07,3.0056e+07,2.5301e+06,1.4218e-09,6.5796e-09,0.2835,0,0.7835,0
6.6024e+07,3.1853e+07,2.9926e+07,2.5148e+06,1.3765e-09,6.3557e-09,0.284,0,0.784,0
6.5789e+07,3.171e+07,2.9797e+07,2.4995e+06,1.3311e-09,6.1317e-09,0.2845,0,0.7845,0
6.5554e+07,3.1567e+07,2.9667e+07,2.4842e+06,1.2858e-09,5.9077e-09,0.285,0,0.785,0
6.5319e+07,3.1424e+07,2.9537e+07,2.4689e+06,1.2405e-09,5.6838e-09,0.2855,0,0.7855,0
6.5084e+07,3.1281e+07,2.9408e+07,2.4536e+06,1.1952e-09,5.4598e-09,0.286,0,0.786,0
6.4849e+07,3.1139e+07,2.9278e+07,2.4383e+06,1.1499e-09,5.2359e-09,0.2865,0,0.7865,0
6.4614e+07,3.0996e+07,2.9148e+07,2.4231e+06,1.1046e-09,5.0119e-09,0.287,0,0.787,0
6.4379e+07,3.0853e+07,2.9018e+07,2.4078e+06,1.0593e-09,4.788e-09,0.2875,0,0.7875,0
6.4144e+07,3.071e+07,2.8889e+07,2.3925e+06,1.014e-09,4.564e-09,0.288,0,0.788,0
6.3909e+07,3.0567e+07,2.8759e+07,2.3772e+06,9.6866e-10,4.34e-09,0.2885,0,0.7885,0
6.3674e+07,3.0425e+07,2.8629e+07,2.3619e+06,9.2335e-10,4.1161e-09,0.289,0,0.789,0
6.3439e+07,3.0282e+07,2.85e+07,2.3466e+06,8.7803e-10,3.8921e-09,0.2895,0,0.7895,0
6.3204e+07,3.0139e+07,2.837e+07,2.3313e+06,8.3272e-10,3.6682e-09,0.29,0,0.79,0
6.2969e+07,2.9996e+07,2.824e+07,2.316e+06,7.8741e-10,3.4442e-09,0.2905,0,0.7905,0
6.2734e+07,2.9853e+07,2.8111e+07,2.3008e+06,7.421e-10,3.2203e-09,0.291,0,0.791,0
6.2499e+07,2.971e+07,2.7981e+07,2.2855e+06,6.9679e-10,2.9963e-09,0.2915,0,0.7915,0
6.2264e+07,2.9568e+07,2.7851e+07,2.2702e+06,6.5148e-10,2.7723e-09,0.292,0,0.792,0
6.2029e+07,2.9425e+07,2.7722e+07,2.2549e+06,6.0617e-10,2.5484e-09,0.2925,0,0.7925,0
6.1794e+07,2.9282e+07,2.7592e+07,2.2396e+06,5.6086e-10,2.3244e-09,0.293,0,0.793,0
6.1558e+07,2.9139e+07,2.7462e+07,2.2243e+06,5.1555e-10,2.1005e-09,0.2935,0,0.7935,0
6.1323e+07,2.8996e+07,2.7333e+07,2.209e+06,4.7023e-10,1.8765e-09,0.294,0,0.794,0
6.1088e+07,2.8853e+07,2.7203e+07,2.1938e+06,4.2492e-10,1.6525e-09,0.2945,0,0.7945,0
6.0853e+07,2.8711e+07,2.7073e+07,2.1785e+06,3.7961e-10,1.4286e-09,0.295,0,0.795,0
6.0618e+07,2.8568e+07,2.6944e+07,2.1632e+06,3.343e-10,1.2046e-09,0.2955,0,0.7955,0
6.0383e+07,2.8425e+07,2.6814e+07,2.1479e+06,2.8899e-10,9.8067e-10,0.296,0,0.796,0
6.0148e+07,2.8282e+07,2.6684e+07,2.1326e+06,2.4368e-10,7.567e-10,0.2965,0,0.7965,0
5.9913e+07,2.8139e+07,2.6555e+07,2.1173e+06,1.9837e-10,5.3276e-10,0.297,0,0.797,0
5.9678e+07,2.7997e+07,2.6425e+07,2.102e+06,1.5306e-10,3.0879e-10,0.2975,0,0.7975,0
5.9443e+07,2.7854e+07,2.6295e+07,2.0868e+06,1.0775e-10,8.4846e-11,0.298,0,0.798,0
5.9208e+07,2.7711e+07,2.6166e+07,2.0715e+06,6.2435e-11,-1.3912e-10,0.2985,0,0.7985,0
5.8973e+07,2.7568e+07,2.6036e+07,2.0562e+06,1.7122e-11,-3.6309e-10,0.299,0,0.799,0
5.8738e+07,2.7425e+07,2.5906e+07,2.0409e+06,-2.8186e-11,-5.8703e-10,0.2995,0,0.7995,0
5.8503e+07,2.7282e+07,2.5776e+07,2.0256e+06,-7.3499e-11,-8.11e-10,0.3,0,0.8,0
5.8315e+07,2.7182e+07,2.5692e+07,2.0086e+06,-7.1941e-11,-8.2578e-10,0.3005,0,0.8005,0
5.8126e+07,2.7082e+07,2.5607e+07,1.9915e+06,-7.0383e-11,-8.4056e-10,0.301,0,0.801,0
5.7938e+07,2.6982e+07,2.5522e+07,1.9745e+06,-6.8825e-11,-8.5533e-10,0.3015,0,0.8015,0
5.7749e+07,2.6881e+07,2.5437e+07,1.9575e+06,-6.7267e-11,-8.7011e-10,0.302,0,0.802,0
5.7561e+07,2.6781e+07,2.5353e+07,1.9405e+06,-6.5708e-11,-8.8489e-10,0.3025,0,0.8025,0
5.7372e+07,2.6681e+07,2.5268e+07,1.9234e+06,-6.415e-11,-8.9966e-10,0.303,0,0.803,0
5.7184e+07,2.658e+07,2.5183e+07,1.9064e+06,-6.2592e-11,-9.1444e-10,0.3035,0,0.8035,0
5.6995e+07,2.648e+07,2.5098e+07,1.8894e+06,-6.1034e-11,-9.2922e-10,0.304,0,0.804,0
5.6807e+07,2.638e+07,2.5013e+07,1.8723e+06,-5.9476e-11,-9.44e-10,0.3045,0,0.8045,0
5.6618e+07,2.6279e+07,2.4929e+07,1.8553e+06,-5.7918e-11,-9.5877e-10,0.305,0,0.805,0
5.643e+07,2.6179e+07,2.4844e+07,1.8383e+06,-5.636e-11,-9.7355e-10,0.3055,0,0.8055,0
5.6241e+07,2.6079e+07,2.4759e+07,1.8213e+06,-5.4801e-11,-9.8833e-10,0.306,0,0.806,0
5.6053e+07,2.5979e+07,2.4674e+07,1.8042e+06,-5.3243e-11,-1.0031e-09,0.3065,0,0.8065,0
5.5864e+07,2.5878e+07,2.4589e+07,1.7872e+06,-5.1685e-11,-1.0179e-09,0.307,0,0.807,0
5.5676e+07,2.5778e+07,2.4505e+07,1.7702e+06,-5.0127e-11,-1.0327e-09,0.3075,0,0.8075,0
5.5487e+07,2.5678e+07,2.442e+07,1.7531e+06,-4.8569e-11,-1.0474e-09,0.308,0,0.808,0
5.5299e+07,2.5577e+07,2.4335e+07,1.7361e+06,-4.7011e-11,-1.0622e-09,0.3085,0,0.8085,0
5.511e+07,2.5477e+07,2.425e+07,1.7191e+06,-4.5453e-11,-1.077e-09,0.309,0,0.809,0
5.4922e+07,2.5377e+07,2.4166e+07,1.7021e+06,-4.3895e-11,-1.0918e-09,0.3095,0,0.8095,0
5.4733e+07,2.5277e+07,2.4081e+07,1.685e+06,-4.2336e-11,-1.1065e-09,0.31,0,0.81,0
5.4545e+07,2.5176e+07,2.3996e+07,1.668e+06,-4.0778e-11,-1.1213e-09,0.3105,0,0.8105,0
5.4356e+07,2.5076e+07,2.3911e+07,1.651e+06,-3.922e-11,-1.1361e-09,0.311,0,0.811,0
5.4168e+07,2.4976e+07,2.3826e+07,1.6339e+06,-3.7662e-11,-1.1509e-09,0.3115,0,0.8115,0
5.3979e+07,2.4875e+07,2.3742e+07,1.6169e+06,-3.6104e-11,-1.1656e-09,0.312,0,0.812,0
5.3791e+07,2.4775e+07,2.3657e+07,1.5999e+06,-3.4546e-11,-1.1804e-09,0.3125,0,0.8125,0
5.3602e+07,2.4675e+07,2.3572e+07,1.5829e+06,-3.2988e-11,-1.1952e-09,0.313,0,0.813,0
5.3414e+07,2.4574e+07,2.3487e+07,1.5658e+06,-3.143e-11,-1.21e-09,0.3135,0,0.8135,0
5.3225e+07,2.4474e+07,2.3402e+07,1.5488e+06,-2.9871e-11,-1.2248e-09,0.314,0,0.814,0
5.3037e+07,2.4374e+07,2.3318e+07,1.5318e+06,-2.8313e-11,-1.2395e-09,0.3145,0,0.8145,0
5.2848e+07,2.4274e+07,2.3233e+07,1.5147e+06,-2.6755e-11,-1.2543e-09,0.315,0,0.815,0
5.266e+07,2.4173e+07,2.3148e+07,1.4977e+06,-2.5197e-11,-1.2691e-09,0.3155,0,0.8155,0
5.2471e+07,2.4073e+07,2.3063e+07,1.4807e+06,-2.3639e-11,-1.2839e-09,0.316,0,0.816,0
5.2283e+07,2.3973e+07,2.2979e+07,1.4637e+06,-2.2081e-11,-1.2986e-09,0.3165,0,0.8165,0
5.2094e+07,2.3872e+07,2.2894e+07,1.4466e+06,-2.0523e-11,-1.3134e-09,0.317,0,0.817,0
5.1906e+07,2.3772e+07,2.2809e+07,1.4296e+06,-1.8965e-11,-1.3282e-09,0.3175,0,0.8175,0
5.1717e+07,2.3672e+07,2.2724e+07,1.4126e+06,-1.7406e-11,-1.343e-09,0.318,0,0.818,0
5.1529e+07,2.3572e+07,2.2639e+07,1.3955e+06,-1.5848e-11,-1.3577e-09,0.3185,0,0.8185,0
5.134e+07,2.3471e+07,2.2555e+07,1.3785e+06,-1.429e-11,-1.3725e-09,0.319,0,0.819,0
5.1152e+07,2.3371e+07,2.247e+07,1.3615e+06,-1.2732e-11,-1.3873e-09,0.3195,0,0.8195,0
5.0963e+07,2.3271e+07,2.2385e+07,1.3445e+06,-1.1174e-11,-1.4021e-09,0.32,0,0.82,0
5.0775e+07,2.317e+07,2.23e+07,1.3274e+06,-9.6157e-12,-1.4169e-09,0.3205,0,0.8205,0
5.0586e+07,2.307e+07,2.2216e+07,1.3104e+06,-8.0577e-12,-1.4316e-09,0.321,0,0.821,0
5.0398e+07,2.297e+07,2.2131e+07,1.2934e+06,-6.4995e-12,-1.4464e-09,0.3215,0,0.8215,0
5.0209e+07,2.2869e+07,2.2046e+07,1.2763e+06,-4.9413e-12,-1.4612e-09,0.322,0,0.822,0
5.0021e+07,2.2769e+07,2.1961e+07,1.2593e+06,-3.3833e-12,-1.476e-09,0.3225,0,0.8225,0
4.9832e+07,2.2669e+07,2.1876e+07,1.2423e+06,-1.8251e-12,-1.4907e-09,0.323,0,0.823,0
4.9644e+07,2.2569e+07,2.1792e+07,1.2252e+06,-2.6705e-13,-1.5055e-09,0.3235,0,0.8235,0
4.9455e+07,2.2468e+07,2.1707e+07,1.2082e+06,1.2912e-12,-1.5203e-09,0.324,0,0.824,0
4.9267e+07,2.2368e+07,2.1622e+07,1.1912e+06,2.8494e-12,-1.5351e-09,0.3245,0,0.8245,0
4.9078e+07,2.2268e+07,2.1537e+07,1.1742e+06,4.4074e-12,-1.5499e-09,0.325,0,0.825,0
4.8927e+07,2.2177e+07,2.1455e+07,1.1811e+06,-1.1007e-11,-1.529e-09,0.3255,0,0.8255,0
4.8775e+07,2.2086e+07,2.1374e+07,1.188e+06,-2.642e-11,-1.5081e-09,0.326,0,0.826,0
4.8624e+07,2.1996e+07,2.1292e+07,1.195e+06,-4.1835e-11,-1.4872e-09,0.3265,0,0.8265,0
4.8473e+07,2.1905e+07,2.121e+07,1.2019e+06,-5.725e-11,-1.4663e-09,0.327,0,0.827,0
4.8321e+07,2.1814e+07,2.1128e+07,1.2089e+06,-7.2663e-11,-1.4454e-09,0.3275,0,0.8275,0
4.817e+07,2.1724e+07,2.1046e+07,1.2158e+06,-8.8078e-11,-1.4245e-09,0.328,0,0.828,0
4.8019e+07,2.1633e+07,2.0964e+07,1.2228e+06,-1.0349e-10,-1.4036e-09,0.3285,0,0.8285,0
4.7867e+07,2.1542e+07,2.0883e+07,1.2297e+06,-1.1891e-10,-1.3828e-09,0.329,0,0.829,0
4.7716e+07,2.1451e+07,2.0801e+07,1.2366e+06,-1.3432e-10,-1.3619e-09,0.3295,0,0.8295,0
4.7565e+07,2.1361e+07,2.0719e+07,1.2436e+06,-1.4973e-10,-1.341e-09,0.33,0,0.83,0
4.7413e+07,2.127e+07,2.0637e+07,1.2505e+06,-1.6515e-10,-1.3201e-09,0.3305,0,0.8305,0
4.7262e+07,2.1179e+07,2.0555e+07,1.2575e+06,-1.8056e-10,-1.2992e-09,0.331,0,0.831,0
4.7111e+07,2.1089e+07,2.0473e+07,1.2644e+06,-1.9598e-10,-1.2783e-09,0.3315,0,0.8315,0
4.6959e+07,2.0998e+07,2.0392e+07,1.2713e+06,-2.1139e-10,-1.2574e-09,0.332,0,0.832,0
4.6808e+07,2.0907e+07,2.031e+07,1.2783e+06,-2.268e-10,-1.2365e-09,0.3325,0,0.8325,0
4.6657e+07,2.0817e+07,2.0228e+07,1.2852e+06,-2.4222e-10,-1.2157e-09,0.333,0,0.833,0
4.6505e+07,2.0726e+07,2.0146e+07,1.2922e+06,-2.5763e-10,-1.1948e-09,0.3335,0,0.8335,0
4.6354e+07,2.0635e+07,2.0064e+07,1.2991e+06,-2.7305e-10,-1.1739e-09,0.334,0,0.834,0
4.6202e+07,2.0545e+07,1.9983e+07,1.306e+06,-2.8846e-10,-1.153e-09,0.3345,0,0.8345,0
4.6051e+07,2.0454e+07,1.9901e+07,1.313e+06,-3.0387e-10,-1.1321e-09,0.335,0,0.835,0
4.59e+07,2.0363e+07,1.9819e+07,1.3199e+06,-3.1929e-10,-1.1112e-09,0.3355,0,0.8355,0
4.5748e+07,2.0272e+07,1.9737e+07,1.3269e+06,-3.347e-10,-1.0903e-09,0.336,0,0.836,0
4.5597e+07,2.0182e+07,1.9655e+07,1.3338e+06,-3.5012e-10,-1.0694e-09,0.3365,0,0.8365,0
4.5446e+07,2.0091e+07,1.9573e+07,1.3408e+06,-3.6553e-10,-1.0486e-09,0.337,0,0.837,0
4.5294e+07,2e+07,1.9492e+07,1.3477e+06,-3.8094e-10,-1.0277e-09,0.3375,0,0.8375,0
4.5143e+07,1.991e+07,1.941e+07,1.3546e+06,-3.9636e-10,-1.0068e-09,0.338,0,0.838,0
4.4992e+07,1.9819e+07,1.9328e+07,1.3616e+06,-4.1177e-10,-9.859e-10,0.3385,0,0.8385,0
4.484e+07,1.9728e+07,1.9246e+07,1.3685e+06,-4.2719e-10,-9.6502e-10,0.339,0,0.839,0
4.4689e+07,1.9638e+07,1.9164e+07,1.3755e+06,-4.426e-10,-9.4413e-10,0.3395,0,0.8395,0
4.4538e+07,1.9547e+07,1.9082e+07,1.3824e+06,-4.5801e-10,-9.2324e-10,0.34,0,0.84,0
4.4386e+07,1.9456e+07,1.9001e+07,1.3893e+06,-4.7343e-10,-9.0235e-10,0.3405,0,0.8405,0
4.4235e+07,1.9366e+07,1.8919e+07,1.3963e+06,-4.8884e-10,-8.8147e-10,0.341,0,0.841,0
4.4084e+07,1.9275e+07,1.8837e+07,1.4032e+06,-5.0426e-10,-8.6058e-10,0.3415,0,0.8415,0
4.3932e+07,1.9184e+07,1.8755e+07,1.4102e+06,-5.1967e-10,-8.3969e-10,0.342,0,0.842,0
4.3781e+07,1.9093e+07,1.8673e+07,1.4171e+06,-5.3508e-10,-8.1881e-10,0.3425,0,0.8425,0
4.3629e+07,1.9003e+07,1.8592e+07,1.424e+06,-5.505e-10,-7.9792e-10,0.343,0,0.843,0
4.3478e+07,1.8912e+07,1.851e+07,1.431e+06,-5.6591e-10,-7.7703e-10,0.3435,0,0.8435,0
4.3327e+07,1.8821e+07,1.8428e+07,1.4379e+06,-5.8133e-10,-7.5615e-10,0.344,0,0.844,0
4.3175e+07,1.8731e+07,1.8346e+07,1.4449e+06,-5.9674e-10,-7.3526e-10,0.3445,0,0.8445,0
4.3024e+07,1.864e+07,1.8264e+07,1.4518e+06,-6.1216e-10,-7.1437e-10,0.345,0,0.845,0
4.2873e+07,1.8549e+07,1.8182e+07,1.4588e+06,-6.2757e-10,-6.9348e-10,0.3455,0,0.8455,0
4.2721e+07,1.8459e+07,1.8101e+07,1.4657e+06,-6.4298e-10,-6.726e-10,0.346,0,0.846,0
4.257e+07,1.8368e+07,1.8019e+07,1.4726e+06,-6.584e-10,-6.5171e-10,0.3465,0,0.8465,0
4.2419e+07,1.8277e+07,1.7937e+07,1.4796e+06,-6.7381e-10,-6.3082e-10,0.347,0,0.847,0
4.2267e+07,1.8187e+07,1.7855e+07,1.4865e+06,-6.8923e-10,-6.0993e-10,0.3475,0,0.8475,0
4.2116e+07,1.8096e+07,1.7773e+07,1.4935e+06,-7.0464e-10,-5.8905e-10,0.348,0,0.848,0
4.1965e+07,1.8005e+07,1.7691e+07,1.5004e+06,-7.2005e-10,-5.6816e-10,0.3485,0,0.8485,0
4.1813e+07,1.7914e+07,1.761e+07,1.5073e+06,-7.3547e-10,-5.4728e-10,0.349,0,0.849,0
4.1662e+07,1.7824e+07,1.7528e+07,1.5143e+06,-7.5088e-10,-5.2639e-10,0.3495,0,0.8495,0
4.1511e+07,1.7733e+07,1.7446e+07,1.5212e+06,-7.663e-10,-5.055e-10,0.35,0,0.85,0
4.1311e+07,1.7626e+07,1.7364e+07,1.5308e+06,-7.2224e-10,-4.2374e-10,0.3505,0,0.8505,0
4.1111e+07,1.7518e+07,1.7282e+07,1.5404e+06,-6.7819e-10,-3.4197e-10,0.351,0,0.851,0
4.0911e+07,1.741e+07,1.72e+07,1.55e+06,-6.3413e-10,-2.6021e-10,0.3515,0,0.8515,0
4.0711e+07,1.7303e+07,1.7119e+07,1.5596e+06,-5.9008e-10,-1.7845e-10,0.352,0,0.852,0
4.051e+07,1.7195e+07,1.7037e+07,1.5692e+06,-5.4602e-10,-9.6678e-11,0.3525,0,0.8525,0
4.031e+07,1.7088e+07,1.6955e+07,1.5787e+06,-5.0196e-10,-1.492e-11,0.353,0,0.853,0
4.011e+07,1.698e+07,1.6873e+07,1.5883e+06,-4.5791e-10,6.6849e-11,0.3535,0,0.8535,0
3.991e+07,1.6873e+07,1.6791e+07,1.5979e+06,-4.1385e-10,1.4861e-10,0.354,0,0.854,0
3.971e+07,1.6765e+07,1.6709e+07,1.6075e+06,-3.698e-10,2.3038e-10,0.3545,0,0.8545,0
3.951e+07,1.6657e+07,1.6627e+07,1.6171e+06,-3.2574e-10,3.1214e-10,0.355,0,0.855,0
3.931e+07,1.655e+07,1.6546e+07,1.6267e+06,-2.8169e-10,3.939e-10,0.3555,0,0.8555,0
3.911e+07,1.6442e+07,1.6464e+07,1.6363e+06,-2.3763e-10,4.7567e-10,0.356,0,0.856,0
3.891e+07,1.6335e+07,1.6382e+07,1.6458e+06,-1.9357e-10,5.5744e-10,0.3565,0,0.8565,0
3.871e+07,1.6227e+07,1.63e+07,1.6554e+06,-1.4952e-10,6.392e-10,0.357,0,0.857,0
3.851e+07,1.612e+07,1.6218e+07,1.665e+06,-1.0546e-10,7.2097e-10,0.3575,0,0.8575,0
3.831e+07,1.6012e+07,1.6136e+07,1.6746e+06,-6.1407e-11,8.0272e-10,0.358,0,0.858,0
3.811e+07,1.5904e+07,1.6054e+07,1.6842e+06,-1.7349e-11,8.8449e-10,0.3585,0,0.8585,0
3.791e+07,1.5797e+07,1.5973e+07,1.6938e+06,2.6709e-11,9.6626e-10,0.359,0,0.859,0
3.771e+07,1.5689e+07,1.5891e+07,1.7034e+06,7.0762e-11,1.048e-09,0.3595,0,0.8595,0
3.751e+07,1.5582e+07,1.5809e+07,1.7129e+06,1.1482e-10,1.1298e-09,0.36,0,0.86,0
3.731e+07,1.5474e+07,1.5727e+07,1.7225e+06,1.5887e-10,1.2115e-09,0.3605,0,0.8605,0
3.711e+07,1.5367e+07,1.5645e+07,1.7321e+06,2.0293e-10,1.2933e-09,0.361,0,0.861,0
3.691e+07,1.5259e+07,1.5563e+07,1.7417e+06,2.4699e-10,1.3751e-09,0.3615,0,0.8615,0
3.671e+07,1.5151e+07,1.5482e+07,1.7513e+06,2.9104e-10,1.4568e-09,0.362,0,0.862,0
3.651e+07,1.5044e+07,1.54e+07,1.7609e+06,3.351e-10,1.5386e-09,0.3625,0,0.8625,0
3.631e+07,1.4936e+07,1.5318e+07,1.7704e+06,3.7915e-10,1.6204e-09,0.363,0,0.863,0
3.611e+07,1.4829e+07,1.5236e+07,1.78e+06,4.2321e-10,1.7021e-09,0.3635,0,0.8635,0
3.591e+07,1.4721e+07,1.5154e+07,1.7896e+06,4.6727e-10,1.7839e-09,0.364,0,0.864,0
3.571e+07,1.4614e+07,1.5072e+07,1.7992e+06,5.1132e-10,1.8657e-09,0.3645,0,0.8645,0
3.551e+07,1.4506e+07,1.499e+07,1.8088e+06,5.5538e-10,1.9474e-09,0.365,0,0.865,0
3.531e+07,1.4398e+07,1.4909e+07,1.8184e+06,5.9943e-10,2.0292e-09,0.3655,0,0.8655,0
3.511e+07,1.4291e+07,1.4827e+07,1.828e+06,6.4349e-10,2.111e-09,0.366,0,0.866,0
3.491e+07,1.4183e+07,1.4745e+07,1.8375e+06,6.8755e-10,2.1927e-09,0.3665,0,0.8665,0
3.471e+07,1.4076e+07,1.4663e+07,1.8471e+06,7.316e-10,2.2745e-09,0.367,0,0.867,0
3.451e+07,1.3968e+07,1.4581e+07,1.8567e+06,7.7566e-10,2.3563e-09,0.3675,0,0.8675,0
3.431e+07,1.3861e+07,1.4499e+07,1.8663e+06,8.1971e-10,2.438e-09,0.368,0,0.868,0
3.411e+07,1.3753e+07,1.4417e+07,1.8759e+06,8.6377e-10,2.5198e-09,0.3685,0,0.8685,0
3.391e+07,1.3645e+07,1.4336e+07,1.8855e+06,9.0783e-10,2.6015e-09,0.369,0,0.869,0
3.371e+07,1.3538e+07,1.4254e+07,1.8951e+06,9.5188e-10,2.6833e-09,0.3695,0,0.8695,0
3.351e+07,1.343e+07,1.4172e+07,1.9046e+06,9.9594e-10,2.7651e-09,0.37,0,0.87,0
3.331e+07,1.3323e+07,1.409e+07,1.9142e+06,1.04e-09,2.8468e-09,0.3705,0,0.8705,0
3.311e+07,1.3215e+07,1.4008e+07,1.9238e+06,1.084e-09,2.9286e-09,0.371,0,0.871,0
3.291e+07,1.3108e+07,1.3926e+07,1.9334e+06,1.1281e-09,3.0104e-09,0.3715,0,0.8715,0
3.271e+07,1.3e+07,1.3845e+07,1.943e+06,1.1722e-09,3.0921e-09,0.372,0,0.872,0
3.251e+07,1.2892e+07,1.3763e+07,1.9526e+06,1.2162e-09,3.1739e-09,0.3725,0,0.8725,0
3.231e+07,1.2785e+07,1.3681e+07,1.9622e+06,1.2603e-09,3.2557e-09,0.373,0,0.873,0
3.211e+07,1.2677e+07,1.3599e+07,1.9717e+06,1.3043e-09,3.3374e-09,0.3735,0,0.8735,0
3.191e+07,1.257e+07,1.3517e+07,1.9813e+06,1.3484e-09,3.4192e-09,0.374,0,0.874,0
3.171e+07,1.2462e+07,1.3435e+07,1.9909e+06,1.3924e-09,3.501e-09,0.3745,0,0.8745,0
3.151e+07,1.2355e+07,1.3353e+07,2.0005e+06,1.4365e-09,3.5827e-09,0.375,0,0.875,0
3.1325e+07,1.2272e+07,1.3275e+07,1.9849e+06,1.4299e-09,3.5518e-09,0.3755,0,0.8755,0
3.1139e+07,1.2189e+07,1.3196e+07,1.9694e+06,1.4233e-09,3.5209e-09,0.376,0,0.876,0
3.0954e+07,1.2106e+07,1.3118e+07,1.9538e+06,1.4167e-09,3.4899e-09,0.3765,0,0.8765,0
3.0769e+07,1.2023e+07,1.304e+07,1.9382e+06,1.4102e-09,3.459e-09,0.377,0,0.877,0
3.0583e+07,1.194e+07,1.2961e+07,1.9227e+06,1.4036e-09,3.4281e-09,0.3775,0,0.8775,0
3.0398e+07,1.1858e+07,1.2883e+07,1.9071e+06,1.397e-09,3.3971e-09,0.378,0,0.878,0
3.0213e+07,1.1775e+07,1.2804e+07,1.8915e+06,1.3904e-09,3.3662e-09,0.3785,0,0.8785,0
3.0027e+07,1.1692e+07,1.2726e+07,1.876e+06,1.3838e-09,3.3353e-09,0.379,0,0.879,0
2.9842e+07,1.1609e+07,1.2647e+07,1.8604e+06,1.3772e-09,3.3043e-09,0.3795,0,0.8795,0
2.9657e+07,1.1526e+07,1.2569e+07,1.8448e+06,1.3706e-09,3.2734e-09,0.38,0,0.88,0
2.9472e+07,1.1443e+07,1.249e+07,1.8293e+06,1.3641e-09,3.2425e-09,0.3805,0,0.8805,0
2.9286e+07,1.1361e+07,1.2412e+07,1.8137e+06,1.3575e-09,3.2116e-09,0.381,0,0.881,0
2.9101e+07,1.1278e+07,1.2333e+07,1.7981e+06,1.3509e-09,3.1806e-09,0.3815,0,0.8815,0
2.8916e+07,1.1195e+07,1.2255e+07,1.7826e+06,1.3443e-09,3.1497e-09,0.382,0,0.882,0
2.873e+07,1.1112e+07,1.2176e+07,1.767e+06,1.3377e-09,3.1188e-09,0.3825,0,0.8825,0
2.8545e+07,1.1029e+07,1.2098e+07,1.7514e+06,1.3311e-09,3.0878e-09,0.383,0,0.883,0
2.836e+07,1.0946e+07,1.2019e+07,1.7359e+06,1.3246e-09,3.0569e-09,0.3835,0,0.8835,0
2.8174e+07,1.0864e+07,1.1941e+07,1.7203e+06,1.318e-09,3.026e-09,0.384,0,0.884,0
2.7989e+07,1.0781e+07,1.1862e+07,1.7047e+06,1.3114e-09,2.995e-09,0.3845,0,0.8845,0
2.7804e+07,1.0698e+07,1.1784e+07,1.6892e+06,1.3048e-09,2.9641e-09,0.385,0,0.885,0
2.7619e+07,1.0615e+07,1.1706e+07,1.6736e+06,1.2982e-09,2.9332e-09,0.3855,0,0.8855,0
2.7433e+07,1.0532e+07,1.1627e+07,1.658e+06,1.2916e-09,2.9023e-09,0.386,0,0.886,0
2.7248e+07,1.0449e+07,1.1549e+07,1.6425e+06,1.285e-09,2.8713e-09,0.3865,0,0.8865,0
2.7063e+07,1.0367e+07,1.147e+07,1.6269e+06,1.2785e-09,2.8404e-09,0.387,0,0.887,0
2.6877e+07,1.0284e+07,1.1392e+07,1.6113e+06,1.2719e-09,2.8095e-09,0.3875,0,0.8875,0
2.6692e+07,1.0201e+07,1.1313e+07,1.5958e+06,1.2653e-09,2.7785e-09,0.388,0,0.888,0
2.6507e+07,1.0118e+07,1.1235e+07,1.5802e+06,1.2587e-09,2.7476e-09,0.3885,0,0.8885,0
2.6321e+07,1.0035e+07,1.1156e+07,1.5646e+06,1.2521e-09,2.7167e-09,0.389,0,0.889,0
2.6136e+07,9.9524e+06,1.1078e+07,1.5491e+06,1.2455e-09,2.6857e-09,0.3895,0,0.8895,0
2.5951e+07,9.8696e+06,1.0999e+07,1.5335e+06,1.239e-09,2.6548e-09,0.39,0,0.89,0
2.5765e+07,9.7867e+06,1.0921e+07,1.5179e+06,1.2324e-09,2.6239e-09,0.3905,0,0.8905,0
2.558e+07,9.7039e+06,1.0842e+07,1.5024e+06,1.2258e-09,2.5929e-09,0.391,0,0.891,0
2.5395e+07,9.621e+06,1.0764e+07,1.4868e+06,1.2192e-09,2.562e-09,0.3915,0,0.8915,0
2.521e+07,9.5382e+06,1.0685e+07,1.4712e+06,1.2126e-09,2.5311e-09,0.392,0,0.892,0
2.5024e+07,9.4554e+06,1.0607e+07,1.4557e+06,1.206e-09,2.5002e-09,0.3925,0,0.8925,0
2.4839e+07,9.3725e+06,1.0528e+07,1.4401e+06,1.1994e-09,2.4692e-09,0.393,0,0.893,0
2.4654e+07,9.2897e+06,1.045e+07,1.4245e+06,1.1929e-09,2.4383e-09,0.3935,0,0.8935,0
2.4468e+07,9.2069e+06,1.0371e+07,1.409e+06,1.1863e-09,2.4074e-09,0.394,0,0.894,0
2.4283e+07,9.124e+06,1.0293e+07,1.3934e+06,1.1797e-09,2.3764e-09,0.3945,0,0.8945,0
2.4098e+07,9.0412e+06,1.0215e+07,1.3778e+06,1.1731e-09,2.3455e-09,0.395,0,0.895,0
2.3912e+07,8.9584e+06,1.0136e+07,1.3623e+06,1.1665e-09,2.3146e-09,0.3955,0,0.8955,0
2.3727e+07,8.8755e+06,1.0058e+07,1.3467e+06,1.1599e-09,2.2836e-09,0.396,0,0.896,0
2.3542e+07,8.7927e+06,9.9791e+06,1.3311e+06,1.1533e-09,2.2527e-09,0.3965,0,0.8965,0
2.3357e+07,8.7098e+06,9.9007e+06,1.3156e+06,1.1468e-09,2.2218e-09,0.397,0,0.897,0
2.3171e+07,8.627e+06,9.8222e+06,1.3e+06,1.1402e-09,2.1909e-09,0.3975,0,0.8975,0
2.2986e+07,8.5442e+06,9.7437e+06,1.2844e+06,1.1336e-09,2.1599e-09,0.398,0,0.898,0
2.2801e+07,8.4613e+06,9.6653e+06,1.2688e+06,1.127e-09,2.129e-09,0.3985,0,0.8985,0
2.2615e+07,8.3785e+06,9.5868e+06,1.2533e+06,1.1204e-09,2.0981e-09,0.399,0,0.899,0
2.243e+07,8.2957e+06,9.5083e+06,1.2377e+06,1.1138e-09,2.0671e-09,0.3995,0,0.8995,0
2.2245e+07,8.2128e+06,9.4298e+06,1.2221e+06,1.1073e-09,2.0362e-09,0.4,0,0.9,0
2.2047e+07,8.1415e+06,9.3373e+06,1.2213e+06,1.1027e-09,2.067e-09,0.4005,0,0.9005,0
2.1849e+07,8.0702e+06,9.2448e+06,1.2204e+06,1.0981e-09,2.0979e-09,0.401,0,0.901,0
2.1652e+07,7.9989e+06,9.1524e+06,1.2195e+06,1.0935e-09,2.1287e-09,0.4015,0,0.9015,0
2.1454e+07,7.9275e+06,9.0599e+06,1.2186e+06,1.0889e-09,2.1595e-09,0.402,0,0.902,0
2.1256e+07,7.8562e+06,8.9674e+06,1.2177e+06,1.0844e-09,2.1904e-09,0.4025,0,0.9025,0
2.1059e+07,7.7849e+06,8.8749e+06,1.2168e+06,1.0798e-09,2.2212e-09,0.403,0,0.903,0
2.0861e+07,7.7136e+06,8.7824e+06,1.2159e+06,1.0752e-09,2.2521e-09,0.4035,0,0.9035,0
2.0663e+07,7.6423e+06,8.6899e+06,1.2151e+06,1.0706e-09,2.2829e-09,0.404,0,0.904,0
2.0466e+07,7.5709e+06,8.5974e+06,1.2142e+06,1.0661e-09,2.3137e-09,0.4045,0,0.9045,0
2.0268e+07,7.4996e+06,8.5049e+06,1.2133e+06,1.0615e-09,2.3446e-09,0.405,0,0.905,0
2.007e+07,7.4283e+06,8.4124e+06,1.2124e+06,1.0569e-09,2.3754e-09,0.4055,0,0.9055,0
1.9873e+07,7.357e+06,8.3199e+06,1.2115e+06,1.0523e-09,2.4062e-09,0.406,0,0.906,0
1.9675e+07,7.2857e+06,8.2274e+06,1.2106e+06,1.0477e-09,2.4371e-09,0.4065,0,0.9065,0
1.9477e+07,7.2143e+06,8.1349e+06,1.2097e+06,1.0432e-09,2.4679e-09,0.407,0,0.907,0
1.928e+07,7.143e+06,8.0424e+06,1.2089e+06,1.0386e-09,2.4988e-09,0.4075,0,0.9075,0
1.9082e+07,7.0717e+06,7.9499e+06,1.208e+06,1.034e-09,2.5296e-09,0.408,0,0.908,0
1.8884e+07,7.0004e+06,7.8574e+06,1.2071e+06,1.0294e-09,2.5604e-09,0.4085,0,0.9085,0
1.8687e+07,6.9291e+06,7.7649e+06,1.2062e+06,1.0249e-09,2.5913e-09,0.409,0,0.909,0
1.8489e+07,6.8577e+06,7.6724e+06,1.2053e+06,1.0203e-09,2.6221e-09,0.4095,0,0.9095,0
1.8291e+07,6.7864e+06,7.5799e+06,1.2044e+06,1.0157e-09,2.6529e-09,0.41,0,0.91,0
1.8094e+07,6.7151e+06,7.4874e+06,1.2035e+06,1.0111e-09,2.6838e-09,0.4105,0,0.9105,0
1.7896e+07,6.6438e+06,7.3949e+06,1.2026e+06,1.0065e-09,2.7146e-09,0.411,0,0.911,0
1.7698e+07,6.5725e+06,7.3024e+06,1.2018e+06,1.002e-09,2.7454e-09,0.4115,0,0.9115,0
1.7501e+07,6.5011e+06,7.2099e+06,1.2009e+06,9.9739e-10,2.7763e-09,0.412,0,0.912,0
1.7303e+07,6.4298e+06,7.1174e+06,1.2e+06,9.9281e-10,2.8071e-09,0.4125,0,0.9125,0
1.7105e+07,6.3585e+06,7.0249e+06,1.1991e+06,9.8823e-10,2.838e-09,0.413,0,0.913,0
1.6908e+07,6.2872e+06,6.9324e+06,1.1982e+06,9.8366e-10,2.8688e-09,0.4135,0,0.9135,0
1.671e+07,6.2159e+06,6.8399e+06,1.1973e+06,9.7908e-10,2.8996e-09,0.414,0,0.914,0
1.6512e+07,6.1445e+06,6.7474e+06,1.1964e+06,9.745e-10,2.9305e-09,0.4145,0,0.9145,0
1.6315e+07,6.0732e+06,6.6549e+06,1.1956e+06,9.6992e-10,2.9613e-09,0.415,0,0.915,0
1.6117e+07,6.0019e+06,6.5624e+06,1.1947e+06,9.6535e-10,2.9921e-09,0.4155,0,0.9155,0
1.5919e+07,5.9306e+06,6.4699e+06,1.1938e+06,9.6077e-10,3.023e-09,0.416,0,0.916,0
1.5722e+07,5.8593e+06,6.3774e+06,1.1929e+06,9.5619e-10,3.0538e-09,0.4165,0,0.9165,0
1.5524e+07,5.7879e+06,6.2849e+06,1.192e+06,9.5161e-10,3.0847e-09,0.417,0,0.917,0
1.5326e+07,5.7166e+06,6.1924e+06,1.1911e+06,9.4703e-10,3.1155e-09,0.4175,0,0.9175,0
1.5129e+07,5.6453e+06,6.1e+06,1.1902e+06,9.4246e-10,3.1463e-09,0.418,0,0.918,0
1.4931e+07,5.574e+06,6.0075e+06,1.1894e+06,9.3788e-10,3.1772e-09,0.4185,0,0.9185,0
1.4733e+07,5.5027e+06,5.915e+06,1.1885e+06,9.333e-10,3.208e-09,0.419,0,0.919,0
1.4536e+07,5.4313e+06,5.8225e+06,1.1876e+06,9.2872e-10,3.2388e-09,0.4195,0,0.9195,0
1.4338e+07,5.36e+06,5.73e+06,1.1867e+06,9.2415e-10,3.2697e-09,0.42,0,0.92,0
1.414e+07,5.2887e+06,5.6375e+06,1.1858e+06,9.1957e-10,3.3005e-09,0.4205,0,0.9205,0
1.3943e+07,5.2174e+06,5.545e+06,1.1849e+06,9.1499e-10,3.3313e-09,0.421,0,0.921,0
1.3745e+07,5.1461e+06,5.4525e+06,1.184e+06,9.1041e-10,3.3622e-09,0.4215,0,0.9215,0
1.3547e+07,5.0747e+06,5.36e+06,1.1832e+06,9.0584e-10,3.393e-09,0.422,0,0.922,0
1.335e+07,5.0034e+06,5.2675e+06,1.1823e+06,9.0126e-10,3.4239e-09,0.4225,0,0.9225,0
1.3152e+07,4.9321e+06,5.175e+06,1.1814e+06,8.9668e-10,3.4547e-09,0.423,0,0.923,0
1.2954e+07,4.8608e+06,5.0825e+06,1.1805e+06,8.921e-10,3.4855e-09,0.4235,0,0.9235,0
1.2757e+07,4.7895e+06,4.99e+06,1.1796e+06,8.8753e-10,3.5164e-09,0.424,0,0.924,0
1.2559e+07,4.7181e+06,4.8975e+06,1.1787e+06,8.8295e-10,3.5472e-09,0.4245,0,0.9245,0
1.2361e+07,4.6468e+06,4.805e+06,1.1778e+06,8.7837e-10,3.578e-09,0.425,0,0.925,0
1.2143e+07,4.5951e+06,4.7321e+06,1.1451e+06,8.6897e-10,3.5187e-09,0.4255,0,0.9255,0
1.1925e+07,4.5433e+06,4.6593e+06,1.1124e+06,8.5958e-10,3.4594e-09,0.426,0,0.926,0
1.1706e+07,4.4916e+06,4.5864e+06,1.0797e+06,8.5018e-10,3.4001e-09,0.4265,0,0.9265,0
1.1488e+07,4.4398e+06,4.5135e+06,1.047e+06,8.4078e-10,3.3408e-09,0.427,0,0.927,0
1.127e+07,4.3881e+06,4.4407e+06,1.0142e+06,8.3138e-10,3.2814e-09,0.4275,0,0.9275,0
1.1052e+07,4.3363e+06,4.3678e+06,9.8153e+05,8.2199e-10,3.2221e-09,0.428,0,0.928,0
1.0833e+07,4.2845e+06,4.295e+06,9.4881e+05,8.1259e-10,3.1628e-09,0.4285,0,0.9285,0
1.0615e+07,4.2328e+06,4.2221e+06,9.1609e+05,8.0319e-10,3.1035e-09,0.429,0,0.929,0
1.0397e+07,4.181e+06,4.1492e+06,8.8338e+05,7.938e-10,3.0442e-09,0.4295,0,0.9295,0
1.0178e+07,4.1293e+06,4.0764e+06,8.5066e+05,7.844e-10,2.9848e-09,0.43,0,0.93,0
9.9602e+06,4.0775e+06,4.0035e+06,8.1794e+05,7.75e-10,2.9255e-09,0.4305,0,0.9305,0
9.7419e+06,4.0258e+06,3.9306e+06,7.8522e+05,7.6561e-10,2.8662e-09,0.431,0,0.931,0
9.5236e+06,3.974e+06,3.8578e+06,7.525e+05,7.5621e-10,2.8069e-09,0.4315,0,0.9315,0
9.3054e+06,3.9223e+06,3.7849e+06,7.1979e+05,7.4681e-10,2.7476e-09,0.432,0,0.932,0
9.0871e+06,3.8705e+06,3.7121e+06,6.8707e+05,7.3741e-10,2.6882e-09,0.4325,0,0.9325,0
8.8688e+06,3.8188e+06,3.6392e+06,6.5435e+05,7.2802e-10,2.6289e-09,0.433,0,0.933,0
8.6505e+06,3.767e+06,3.5663e+06,6.2164e+05,7.1862e-10,2.5696e-09,0.4335,0,0.9335,0
8.4322e+06,3.7153e+06,3.4935e+06,5.8892e+05,7.0922e-10,2.5103e-09,0.434,0,0.934,0
8.214e+06,3.6635e+06,3.4206e+06,5.562e+05,6.9983e-10,2.451e-09,0.4345,0,0.9345,0
7.9957e+06,3.6118e+06,3.3477e+06,5.2348e+05,6.9043e-10,2.3916e-09,0.435,0,0.935,0
7.7774e+06,3.56e+06,3.2749e+06,4.9076e+05,6.8103e-10,2.3323e-09,0.4355,0,0.9355,0
7.5591e+06,3.5083e+06,3.202e+06,4.5805e+05,6.7163e-10,2.273e-09,0.436,0,0.936,0
7.3408e+06,3.4565e+06,3.1292e+06,4.2533e+05,6.6224e-10,2.2137e-09,0.4365,0,0.9365,0
7.1226e+06,3.4048e+06,3.0563e+06,3.9261e+05,6.5284e-10,2.1544e-09,0.437,0,0.937,0
6.9043e+06,3.353e+06,2.9834e+06,3.5989e+05,6.4344e-10,2.095e-09,0.4375,0,0.9375,0
6.686e+06,3.3013e+06,2.9106e+06,3.2718e+05,6.3405e-10,2.0357e-09,0.438,0,0.938,0
6.4677e+06,3.2495e+06,2.8377e+06,2.9446e+05,6.2465e-10,1.9764e-09,0.4385,0,0.9385,0
6.2494e+06,3.1978e+06,2.7648e+06,2.6174e+05,6.1525e-10,1.9171e-09,0.439,0,0.939,0
6.0311e+06,3.146e+06,2.692e+06,2.2903e+05,6.0586e-10,1.8578e-09,0.4395,0,0.9395,0
5.8129e+06,3.0943e+06,2.6191e+06,1.9631e+05,5.9646e-10,1.7984e-09,0.44,0,0.94,0
5.5946e+06,3.0425e+06,2.5463e+06,1.6359e+05,5.8706e-10,1.7391e-09,0.4405,0,0.9405,0
5.3763e+06,2.9907e+06,2.4734e+06,1.3087e+05,5.7766e-10,1.6798e-09,0.441,0,0.941,0
5.158e+06,2.939e+06,2.4005e+06,98154,5.6827e-10,1.6205e-09,0.4415,0,0.9415,0
4.9397e+06,2.8872e+06,2.3277e+06,65439,5.5887e-10,1.5612e-09,0.442,0,0.942,0
4.7215e+06,2.8355e+06,2.2548e+06,32720,5.4947e-10,1.5018e-09,0.4425,0,0.9425,0
4.5032e+06,2.7837e+06,2.1819e+06,0.61991,5.4007e-10,1.4425e-09,0.443,0,0.943,0
4.2849e+06,2.732e+06,2.1091e+06,-32715,5.3068e-10,1.3832e-09,0.4435,0,0.9435,0
4.0666e+06,2.6802e+06,2.0362e+06,-65434,5.2128e-10,1.3239e-09,0.444,0,0.944,0
3.8483e+06,2.6285e+06,1.9633e+06,-98153,5.1188e-10,1.2645e-09,0.4445,0,0.9445,0
3.6301e+06,2.5767e+06,1.8905e+06,-1.3087e+05,5.0249e-10,1.2052e-09,0.445,0,0.945,0
3.4118e+06,2.525e+06,1.8176e+06,-1.6359e+05,4.9309e-10,1.1459e-09,0.4455,0,0.9455,0
3.1935e+06,2.4732e+06,1.7448e+06,-1.963e+05,4.8369e-10,1.0866e-09,0.446,0,0.946,0
2.9752e+06,2.4215e+06,1.6719e+06,-2.2902e+05,4.743e-10,1.0273e-09,0.4465,0,0.9465,0
2.7569e+06,2.3697e+06,1.599e+06,-2.6174e+05,4.649e-10,9.6794e-10,0.447,0,0.947,0
2.5387e+06,2.318e+06,1.5262e+06,-2.9446e+05,4.555e-10,9.0863e-10,0.4475,0,0.9475,0
2.3204e+06,2.2662e+06,1.4533e+06,-3.2717e+05,4.461e-10,8.493e-10,0.448,0,0.948,0
2.1021e+06,2.2145e+06,1.3805e+06,-3.5989e+05,4.3671e-10,7.8999e-10,0.4485,0,0.9485,0
1.8838e+06,2.1627e+06,1.3076e+06,-3.9261e+05,4.2731e-10,7.3066e-10,0.449,0,0.949,0
1.6655e+06,2.111e+06,1.2347e+06,-4.2533e+05,4.1791e-10,6.7134e-10,0.4495,0,0.9495,0
1.4472e+06,2.0592e+06,1.1619e+06,-4.5804e+05,4.0852e-10,6.1202e-10,0.45,0,0.95,0
1.2445e+06,2.0392e+06,1.0927e+06,-4.4047e+05,4.0283e-10,5.9772e-10,0.4505,0,0.9505,0
1.0418e+06,2.0192e+06,1.0235e+06,-4.2289e+05,3.9714e-10,5.8342e-10,0.451,0,0.951,0
8.3909e+05,1.9993e+06,9.5432e+05,-4.0532e+05,3.9145e-10,5.6911e-10,0.4515,0,0.9515,0
6.3637e+05,1.9793e+06,8.8513e+05,-3.8774e+05,3.8576e-10,5.5481e-10,0.452,0,0.952,0
4.3366e+05,1.9593e+06,8.1595e+05,-3.7016e+05,3.8007e-10,5.4051e-10,0.4525,0,0.9525,0
2.3094e+05,1.9393e+06,7.4676e+05,-3.5259e+05,3.7438e-10,5.262e-10,0.453,0,0.953,0
28234,1.9193e+06,6.7759e+05,-3.3501e+05,3.6869e-10,5.119e-10,0.4535,0,0.9535,0
-1.7449e+05,1.8994e+06,6.084e+05,-3.1744e+05,3.63e-10,4.976e-10,0.454,0,0.954,0
-3.7722e+05,1.8794e+06,5.3921e+05,-2.9986e+05,3.5731e-10,4.8329e-10,0.4545,0,0.9545,0
-5.7992e+05,1.8594e+06,4.7004e+05,-2.8229e+05,3.5162e-10,4.6899e-10,0.455,0,0.955,0
-7.8265e+05,1.8394e+06,4.0085e+05,-2.6471e+05,3.4593e-10,4.5469e-10,0.4555,0,0.9555,0
-9.8535e+05,1.8194e+06,3.3167e+05,-2.4714e+05,3.4024e-10,4.4038e-10,0.456,0,0.956,0
-1.1881e+06,1.7994e+06,2.6249e+05,-2.2956e+05,3.3455e-10,4.2608e-10,0.4565,0,0.9565,0
-1.3908e+06,1.7795e+06,1.933e+05,-2.1198e+05,3.2886e-10,4.1177e-10,0.457,0,0.957,0
-1.5935e+06,1.7595e+06,1.2412e+05,-1.9441e+05,3.2317e-10,3.9747e-10,0.4575,0,0.9575,0
-1.7962e+06,1.7395e+06,54935,-1.7683e+05,3.1748e-10,3.8317e-10,0.458,0,0.958,0
-1.999e+06,1.7195e+06,-14251,-1.5925e+05,3.1179e-10,3.6886e-10,0.4585,0,0.9585,0
-2.2017e+06,1.6995e+06,-83429,-1.4168e+05,3.061e-10,3.5456e-10,0.459,0,0.959,0
-2.4044e+06,1.6796e+06,-1.5262e+05,-1.241e+05,3.0041e-10,3.4026e-10,0.4595,0,0.9595,0
-2.6071e+06,1.6596e+06,-2.2179e+05,-1.0653e+05,2.9472e-10,3.2595e-10,0.46,0,0.96,0
-2.8098e+06,1.6396e+06,-2.9098e+05,-88952,2.8903e-10,3.1165e-10,0.4605,0,0.9605,0
-3.0126e+06,1.6196e+06,-3.6017e+05,-71376,2.8334e-10,2.9735e-10,0.461,0,0.961,0
-3.2153e+06,1.5996e+06,-4.2934e+05,-53801,2.7765e-10,2.8304e-10,0.4615,0,0.9615,0
-3.418e+06,1.5797e+06,-4.9853e+05,-36225,2.7196e-10,2.6874e-10,0.462,0,0.962,0
-3.6207e+06,1.5597e+06,-5.6771e+05,-18650,2.6627e-10,2.5444e-10,0.4625,0,0.9625,0
-3.8234e+06,1.5397e+06,-6.3689e+05,-1073.8,2.6058e-10,2.4013e-10,0.463,0,0.963,0
-4.0261e+06,1.5197e+06,-7.0608e+05,16503,2.5489e-10,2.2583e-10,0.4635,0,0.9635,0
-4.2288e+06,1.4997e+06,-7.7526e+05,34077,2.492e-10,2.1152e-10,0.464,0,0.964,0
-4.4316e+06,1.4797e+06,-8.4444e+05,51654,2.4351e-10,1.9722e-10,0.4645,0,0.9645,0
-4.6343e+06,1.4598e+06,-9.1362e+05,69228,2.3782e-10,1.8292e-10,0.465,0,0.965,0
-4.837e+06,1.4398e+06,-9.8281e+05,86805,2.3213e-10,1.6861e-10,0.4655,0,0.9655,0
-5.0397e+06,1.4198e+06,-1.052e+06,1.0438e+05,2.2644e-10,1.5431e-10,0.466,0,0.966,0
-5.2424e+06,1.3998e+06,-1.1212e+06,1.2196e+05,2.2075e-10,1.4001e-10,0.4665,0,0.9665,0
-5.4452e+06,1.3798e+06,-1.1904e+06,1.3953e+05,2.1506e-10,1.257e-10,0.467,0,0.967,0
-5.6479e+06,1.3599e+06,-1.2595e+06,1.5711e+05,2.0938e-10,1.114e-10,0.4675,0,0.9675,0
-5.8506e+06,1.3399e+06,-1.3287e+06,1.7468e+05,2.0369e-10,9.7096e-11,0.468,0,0.968,0
-6.0533e+06,1.3199e+06,-1.3979e+06,1.9226e+05,1.98e-10,8.2792e-11,0.4685,0,0.9685,0
-6.256e+06,1.2999e+06,-1.4671e+06,2.0983e+05,1.9231e-10,6.8489e-11,0.469,0,0.969,0
-6.4587e+06,1.2799e+06,-1.5363e+06,2.2741e+05,1.8662e-10,5.4185e-11,0.4695,0,0.9695,0
-6.6615e+06,1.2599e+06,-1.6055e+06,2.4499e+05,1.8093e-10,3.9881e-11,0.47,0,0.97,0
-6.8642e+06,1.24e+06,-1.6746e+06,2.6256e+05,1.7524e-10,2.5578e-11,0.4705,0,0.9705,0
-7.0669e+06,1.22e+06,-1.7438e+06,2.8014e+05,1.6955e-10,1.1274e-11,0.471,0,0.971,0
-7.2696e+06,1.2e+06,-1.813e+06,2.9771e+05,1.6386e-10,-3.0284e-12,0.4715,0,0.9715,0
-7.4723e+06,1.18e+06,-1.8822e+06,3.1529e+05,1.5817e-10,-1.7333e-11,0.472,0,0.972,0
-7.6751e+06,1.16e+06,-1.9514e+06,3.3287e+05,1.5248e-10,-3.1637e-11,0.4725,0,0.9725,0
-7.8778e+06,1.1401e+06,-2.0206e+06,3.5044e+05,1.4679e-10,-4.5939e-11,0.473,0,0.973,0
-8.0805e+06,1.1201e+06,-2.0897e+06,3.6802e+05,1.411e-10,-6.0244e-11,0.4735,0,0.9735,0
-8.2832e+06,1.1001e+06,-2.1589e+06,3.8559e+05,1.3541e-10,-7.4546e-11,0.474,0,0.974,0
-8.4859e+06,1.0801e+06,-2.2281e+06,4.0317e+05,1.2972e-10,-8.885e-11,0.4745,0,0.9745,0
-8.6886e+06,1.0601e+06,-2.2973e+06,4.2074e+05,1.2403e-10,-1.0315e-10,0.475,0,0.975,0
-8.8465e+06,1.0389e+06,-2.3462e+06,4.1233e+05,1.2155e-10,-1.0109e-10,0.4755,0,0.9755,0
-9.0044e+06,1.0177e+06,-2.3951e+06,4.0392e+05,1.1907e-10,-9.9029e-11,0.476,0,0.976,0
-9.1623e+06,9.9652e+05,-2.444e+06,3.955e+05,1.1659e-10,-9.6966e-11,0.4765,0,0.9765,0
-9.3201e+06,9.7532e+05,-2.4929e+06,3.8709e+05,1.1411e-10,-9.4902e-11,0.477,0,0.977,0
-9.478e+06,9.5412e+05,-2.5418e+06,3.7867e+05,1.1163e-10,-9.2839e-11,0.4775,0,0.9775,0
-9.6359e+06,9.3292e+05,-2.5908e+06,3.7026e+05,1.0915e-10,-9.0776e-11,0.478,0,0.978,0
-9.7938e+06,9.1171e+05,-2.6397e+06,3.6184e+05,1.0666e-10,-8.8713e-11,0.4785,0,0.9785,0
-9.9516e+06,8.9051e+05,-2.6886e+06,3.5343e+05,1.0418e-10,-8.665e-11,0.479,0,0.979,0
-1.011e+07,8.6931e+05,-2.7375e+06,3.4501e+05,1.017e-10,-8.4587e-11,0.4795,0,0.9795,0
-1.0267e+07,8.481e+05,-2.7864e+06,3.366e+05,9.9223e-11,-8.2524e-11,0.48,0,0.98,0
-1.0425e+07,8.269e+05,-2.8353e+06,3.2818e+05,9.6742e-11,-8.0461e-11,0.4805,0,0.9805,0
-1.0583e+07,8.057e+05,-2.8842e+06,3.1977e+05,9.4262e-11,-7.8398e-11,0.481,0,0.981,0
-1.0741e+07,7.8449e+05,-2.9331e+06,3.1135e+05,9.1781e-11,-7.6334e-11,0.4815,0,0.9815,0
-1.0899e+07,7.6329e+05,-2.982e+06,3.0294e+05,8.9301e-11,-7.4272e-11,0.482,0,0.982,0
-1.1057e+07,7.4209e+05,-3.031e+06,2.9452e+05,8.682e-11,-7.2208e-11,0.4825,0,0.9825,0
-1.1215e+07,7.2089e+05,-3.0799e+06,2.8611e+05,8.4339e-11,-7.0145e-11,0.483,0,0.983,0
-1.1373e+07,6.9969e+05,-3.1288e+06,2.7769e+05,8.1859e-11,-6.8082e-11,0.4835,0,0.9835,0
-1.153e+07,6.7848e+05,-3.1777e+06,2.6928e+05,7.9378e-11,-6.6019e-11,0.484,0,0.984,0
-1.1688e+07,6.5728e+05,-3.2266e+06,2.6086e+05,7.6898e-11,-6.3956e-11,0.4845,0,0.9845,0
-1.1846e+07,6.3608e+05,-3.2755e+06,2.5245e+05,7.4417e-11,-6.1893e-11,0.485,0,0.985,0
-1.2004e+07,6.1488e+05,-3.3244e+06,2.4403e+05,7.1937e-11,-5.983e-11,0.4855,0,0.9855,0
-1.2162e+07,5.9367e+05,-3.3733e+06,2.3562e+05,6.9456e-11,-5.7767e-11,0.486,0,0.986,0
-1.232e+07,5.7247e+05,-3.4222e+06,2.272e+05,6.6975e-11,-5.5704e-11,0.4865,0,0.9865,0
-1.2478e+07,5.5127e+05,-3.4712e+06,2.1879e+05,6.4495e-11,-5.3641e-11,0.487,0,0.987,0
-1.2636e+07,5.3006e+05,-3.5201e+06,2.1037e+05,6.2014e-11,-5.1577e-11,0.4875,0,0.9875,0
-1.2793e+07,5.0886e+05,-3.569e+06,2.0196e+05,5.9534e-11,-4.9514e-11,0.488,0,0.988,0
-1.2951e+07,4.8766e+05,-3.6179e+06,1.9354e+05,5.7053e-11,-4.7451e-11,0.4885,0,0.9885,0
-1.3109e+07,4.6646e+05,-3.6668e+06,1.8513e+05,5.4572e-11,-4.5388e-11,0.489,0,0.989,0
-1.3267e+07,4.4525e+05,-3.7157e+06,1.7671e+05,5.2092e-11,-4.3325e-11,0.4895,0,0.9895,0
-1.3425e+07,4.2405e+05,-3.7646e+06,1.683e+05,4.9611e-11,-4.1262e-11,0.49,0,0.99,0
-1.3583e+07,4.0285e+05,-3.8135e+06,1.5988e+05,4.7131e-11,-3.9199e-11,0.4905,0,0.9905,0
-1.3741e+07,3.8165e+05,-3.8624e+06,1.5147e+05,4.465e-11,-3.7136e-11,0.491,0,0.991,0
-1.3899e+07,3.6044e+05,-3.9114e+06,1.4305e+05,4.217e-11,-3.5073e-11,0.4915,0,0.9915,0
-1.4056e+07,3.3924e+05,-3.9603e+06,1.3464e+05,3.9689e-11,-3.301e-11,0.492,0,0.992,0
-1.4214e+07,3.1804e+05,-4.0092e+06,1.2622e+05,3.7209e-11,-3.0946e-11,0.4925,0,0.9925,0
-1.4372e+07,2.9684e+05,-4.0581e+06,1.1781e+05,3.4728e-11,-2.8883e-11,0.493,0,0.993,0
-1.453e+07,2.7563e+05,-4.107e+06,1.0939e+05,3.2247e-11,-2.682e-11,0.4935,0,0.9935,0
-1.4688e+07,2.5443e+05,-4.1559e+06,1.0098e+05,2.9767e-11,-2.4757e-11,0.494,0,0.994,0
-1.4846e+07,2.3323e+05,-4.2048e+06,92564,2.7286e-11,-2.2694e-11,0.4945,0,0.9945,0
-1.5004e+07,2.1203e+05,-4.2537e+06,84149,2.4806e-11,-2.0631e-11,0.495,0,0.995,0
-1.5162e+07,1.9082e+05,-4.3027e+06,75734,2.2325e-11,-1.8568e-11,0.4955,0,0.9955,0
-1.5319e+07,1.6962e+05,-4.3516e+06,67320,1.9845e-11,-1.6505e-11,0.496,0,0.996,0
-1.5477e+07,1.4842e+05,-4.4005e+06,58904,1.7364e-11,-1.4442e-11,0.4965,0,0.9965,0
-1.5635e+07,1.2722e+05,-4.4494e+06,50490,1.4884e-11,-1.2379e-11,0.497,0,0.997,0
-1.5793e+07,1.0601e+05,-4.4983e+06,42075,1.2403e-11,-1.0315e-11,0.4975,0,0.9975,0
-1.5951e+07,84809,-4.5472e+06,33659,9.9221e-12,-8.2523e-12,0.498,0,0.998,0
-1.6109e+07,63608,-4.5961e+06,25245,7.4418e-12,-6.1893e-12,0.4985,0,0.9985,0
-1.6267e+07,42404,-4.645e+06,16830,4.9611e-12,-4.1261e-12,0.499,0,0.999,0
-1.6425e+07,21203,-4.6939e+06,8415.6,2.4807e-12,-2.0632e-12,0.4995,0,0.9995,0
-1.6582e+07,-0.36044,-4.7428e+06,0.26576,6.885e-27,-5.7262e-27,0.5,0,1,0
